pose_0_x,pose_0_y,pose_1_x,pose_1_y,pose_2_x,pose_2_y,pose_3_x,pose_3_y,pose_4_x,pose_4_y,pose_5_x,pose_5_y,pose_6_x,pose_6_y,pose_7_x,pose_7_y,pose_8_x,pose_8_y,pose_9_x,pose_9_y,pose_10_x,pose_10_y,pose_11_x,pose_11_y,pose_12_x,pose_12_y,pose_13_x,pose_13_y,pose_15_x,pose_15_y,pose_17_x,pose_17_y,pose_19_x,pose_19_y,pose_21_x,pose_21_y,pose_14_x,pose_14_y,pose_16_x,pose_16_y,pose_18_x,pose_18_y,pose_20_x,pose_20_y,pose_22_x,pose_22_y,right_hand_0_x,right_hand_0_y,right_hand_1_x,right_hand_1_y,right_hand_2_x,right_hand_2_y,right_hand_3_x,right_hand_3_y,right_hand_4_x,right_hand_4_y,right_hand_5_x,right_hand_5_y,right_hand_6_x,right_hand_6_y,right_hand_7_x,right_hand_7_y,right_hand_8_x,right_hand_8_y,right_hand_9_x,right_hand_9_y,right_hand_10_x,right_hand_10_y,right_hand_11_x,right_hand_11_y,right_hand_12_x,right_hand_12_y,right_hand_13_x,right_hand_13_y,right_hand_14_x,right_hand_14_y,right_hand_15_x,right_hand_15_y,right_hand_16_x,right_hand_16_y,right_hand_17_x,right_hand_17_y,right_hand_18_x,right_hand_18_y,right_hand_19_x,right_hand_19_y,right_hand_20_x,right_hand_20_y,left_hand_0_x,left_hand_0_y,left_hand_1_x,left_hand_1_y,left_hand_2_x,left_hand_2_y,left_hand_3_x,left_hand_3_y,left_hand_4_x,left_hand_4_y,left_hand_5_x,left_hand_5_y,left_hand_6_x,left_hand_6_y,left_hand_7_x,left_hand_7_y,left_hand_8_x,left_hand_8_y,left_hand_9_x,left_hand_9_y,left_hand_10_x,left_hand_10_y,left_hand_11_x,left_hand_11_y,left_hand_12_x,left_hand_12_y,left_hand_13_x,left_hand_13_y,left_hand_14_x,left_hand_14_y,left_hand_15_x,left_hand_15_y,left_hand_16_x,left_hand_16_y,left_hand_17_x,left_hand_17_y,left_hand_18_x,left_hand_18_y,left_hand_19_x,left_hand_19_y,left_hand_20_x,left_hand_20_y
-0.009262970922647872,-0.5043671934932877,0.04010361004585958,-0.5258218290271464,0.07501932216069049,-0.5179929691485706,0.10905500041577194,-0.5081488808950715,-0.05712230954169894,-0.5287580202108831,-0.08815345878818043,-0.5241403006423374,-0.1168725525967084,-0.5189366702624193,0.16320166474175377,-0.4322943869359176,-0.16272422179088827,-0.45401217225940244,0.07170395437676841,-0.4151414699854908,-0.08103452566573782,-0.41453478742519423,0.49870941156144594,0.03590157127531282,-0.49870941156144594,-0.03590157127531282,0.6347219631491635,0.7000642314160475,-0.7758516166479076,0.46338404122670646,0.4969699926811143,1.142823277968296,-0.6412270849454066,0.9903913348596187,0.503818032699243,1.3347397346770846,-0.6508982391708795,1.1785440489911378,0.452996691847496,1.2968289576049388,-0.5523995890501219,1.159850212417851,0.43517686655586796,1.2248648032727107,-0.528230983173089,1.0831107682086696,,,,,,,,,,,,,,,,,,,,,,,,,,,,,,,,,,,,,,,,,,,,,,,,,,,,,,,,,,,,,,,,,,,,,,,,,,,,,,,,,,,,
-0.026799797691881455,-0.5130196657272952,0.031017044941066264,-0.5400489560548857,0.06737862445507603,-0.5319570191888473,0.10281729743731148,-0.5220338921264905,-0.0703800142289871,-0.5432438365951855,-0.10367733180998177,-0.5375983609466485,-0.13324748414352205,-0.5309899355560734,0.16286594746879782,-0.44766316169066456,-0.17134825936000905,-0.463547852793207,0.06454351580853038,-0.4224100252827283,-0.10254649674417353,-0.4232862250191722,0.4990872507997185,0.03019794842665458,-0.4990872507997185,-0.03019794842665458,0.6406806592900951,0.6981741020977791,-0.7810275146239868,0.45699415517998754,0.49787447831753134,1.130982590177641,-0.6374380539067462,1.002595296692473,0.5060104688848457,1.3303842033203228,-0.6487393399306604,1.186327366150469,0.45623200763795374,1.2959361833180425,-0.543684342758015,1.160113069296485,0.4388309190336452,1.2241757889324756,-0.5247753712328592,1.0823169476369316,,,,,,,,,,,,,,,,,,,,,,,,,,,,,,,,,,,,,,,,,,,,,,,,,,,,,,,,,,,,,,,,,,,,,,,,,,,,,,,,,,,,
-0.03593925257017699,-0.5187016238989259,0.025059295283814058,-0.5499928974417142,0.06190426383951358,-0.5416765308630607,0.09803333194699608,-0.5314540407355262,-0.077294702793668,-0.5530510092010564,-0.11138465911542657,-0.5464462562048096,-0.14131386874245705,-0.5385184154086655,0.16188510443464033,-0.45680711953057873,-0.17760057083991795,-0.46827079202277866,0.05905313934522528,-0.42559861618629,-0.11316773920504528,-0.4293681192710952,0.49919627070324246,0.028338724670935556,-0.49919627070324246,-0.028338724670935556,0.6422577642413341,0.6986636779170824,-0.7832055601618447,0.4419821739848304,0.49890089227844747,1.13002402645102,-0.6328039868901637,1.0030562714791105,0.5070100245168278,1.3300079444110198,-0.643874037673454,1.1849085744633012,0.45855511493904233,1.2963649471611591,-0.539001571000206,1.157528934025279,0.4422647044982165,1.2261456756566986,-0.522503370299863,1.0801002546938903,,,,,,,,,,,,,,,,,,,,,,,,,,,,,,,,,,,,,,,,,,,,,,,,,,,,,,,,,,,,,,,,,,,,,,,,,,,,,,,,,,,,
-0.039118363794779766,-0.5221905613701306,0.022871789742128047,-0.5554913394874403,0.06018100287993476,-0.5468299007138838,0.0967660357417604,-0.5363152339747119,-0.08028966538337765,-0.5589783374704447,-0.11481736510178742,-0.5520416710228507,-0.1452109599450035,-0.5434689440235703,0.1622192295110482,-0.4609499077991403,-0.18124038347387222,-0.4709067984837225,0.058127446022793024,-0.4277240363439897,-0.11633456549533709,-0.4323632349849322,0.49929821872565805,0.026481857513869885,-0.49929821872565805,-0.026481857513869885,0.6449267987887817,0.698510381922471,-0.7858070083938408,0.441766992589852,0.5019167327719435,1.1314343644659461,-0.6298764098432118,1.0092136829832132,0.5090511899514369,1.3344720294711239,-0.6420467614414291,1.1889800147771927,0.4616300726728113,1.3041456029985214,-0.5353685004338863,1.1593192051901562,0.4460432963104833,1.2358547467663836,-0.5205115378237843,1.0814373246977007,,,,,,,,,,,,,,,,,,,,,,,,,,,,,,,,,,,,,,,,,,,,,,,,,,,,,,,,,,,,,,,,,,,,,,,,,,,,,,,,,,,,
-0.04398092998741426,-0.5345371084687992,0.01876954979763828,-0.5655785850500248,0.05606879384101007,-0.5557503999167399,0.09323629410567856,-0.5440403380198682,-0.08224778370487819,-0.5713541603579151,-0.11594931852220093,-0.564306302381116,-0.1461866246274904,-0.5550817568214378,0.16171316237352165,-0.46388256019789836,-0.1817436750474071,-0.4745644747897861,0.05405033525034945,-0.43443205721542033,-0.12049100541684024,-0.4439377678169357,0.49935869736013216,0.02531583241356901,-0.49935869736013216,-0.02531583241356901,0.6471674017563418,0.6996648475322957,-0.7886719120339272,0.4423361257012686,0.5016332003568602,1.1334197020283738,-0.6289322081985947,1.0114133020120093,0.5064909730783697,1.3391943044762953,-0.6409768397481622,1.1909048965560975,0.46218387799664684,1.3103503563016983,-0.5336381928789414,1.160086776541308,0.44713357788380015,1.2427149362927485,-0.5197530560819807,1.0813516330452984,,,,,,,,,,,,,,,,,,,,,,,,,,,,,,,,,,,,,,,,,,,,,,,,,,,,,,,,,,,,,,,,,,,,,,,,,,,,,,,,,,,,
-0.053559180806204094,-0.5420690186629759,0.010350084197728513,-0.5731517380878861,0.04768352311996272,-0.5632117923069982,0.08574359769806159,-0.5513299882328466,-0.08863255541553343,-0.5792133732427441,-0.1210790681853144,-0.5718958154030617,-0.15060592732399283,-0.5621425927405143,0.15860886153482176,-0.46771755065168413,-0.18403098108133636,-0.4775657815165419,0.046371676705851655,-0.43909504035304797,-0.1281757272943145,-0.4503941191680326,0.4994992856239392,0.022371045151588442,-0.4994992856239392,-0.022371045151588442,0.6495035046895461,0.6984175984037232,-0.789456893646585,0.4447803709472838,0.5024487031065177,1.1323893416418664,-0.6278134241482382,1.013705766400546,0.5087823761356167,1.3390682835409757,-0.6385174434148743,1.1935537457374559,0.46432711242620345,1.3119129633489135,-0.5299165126703382,1.161764958161563,0.4491684263657615,1.2444614893319639,-0.5170878577218865,1.0827213649881666,,,,,,,,,,,,,,,,,,,,,,,,,,,,,,,,,,,,,,,,,,,,,,,,,,,,,,,,,,,,,,,,,,,,,,,,,,,,,,,,,,,,
-0.06214659680930042,-0.54811595626784,0.0028096675124564484,-0.5792551439349923,0.04018983633735131,-0.5694172158170647,0.07887179651338554,-0.5576641272134327,-0.09429470700177403,-0.5852198102634464,-0.12559725647678274,-0.5778251524603543,-0.154467301958007,-0.5679026496007592,0.15549514333650483,-0.4712599822303332,-0.18523234441036582,-0.480463879834569,0.03798865266349153,-0.4441274218209352,-0.13319442068854717,-0.4562613145778142,0.4995888800543325,0.020271924577054953,-0.4995888800543325,-0.020271924577054953,0.6502231539024007,0.6986878103470398,-0.7910028834029421,0.4447923199371782,0.5027879087671142,1.1326764693913127,-0.6294141579341834,1.0147470427768928,0.5104319967134019,1.340250890324425,-0.6414138139598068,1.1952266787738903,0.46556767893124446,1.3134500944093823,-0.5311833648591143,1.1628607528376083,0.449942199801114,1.2458707062014736,-0.5184420773423577,1.0836363126349966,,,,,,,,,,,,,,,,,,,,,,,,,,,,,,,,,,,,,,,,,,,,,,,,,,,,,,,,,,,,,,,,,,,,,,,,,,,,,,,,,,,,
-0.07103193244673625,-0.5553530256940917,-0.004837579246567595,-0.5855143101805008,0.0324159840747067,-0.575737204930606,0.07130406049488373,-0.5641377702463112,-0.09958038933017917,-0.5913836018221116,-0.12955703552790923,-0.5839948922281354,-0.1577335986189674,-0.5740497243847316,0.15137762961165208,-0.4753626466263907,-0.18609804036016633,-0.4839290406677998,0.026065498756019007,-0.45070386978997445,-0.1391287517128409,-0.4630536350966058,0.49968208907164896,0.017827222469938668,-0.49968208907164896,-0.017827222469938668,0.651784905346987,0.695982656752858,-0.7921230908181219,0.44406586470619575,0.5070703624631208,1.1322681643307044,-0.6298522072195946,1.0146345684759481,0.5191380916932887,1.340465376388363,-0.6397299817760573,1.1945907841011734,0.4716802562409539,1.3142174515135092,-0.5307896837341898,1.1611689482084744,0.4550464838232525,1.2463418492318157,-0.5183521170948724,1.0827419812314472,,,,,,,,,,,,,,,,,,,,,,,,,,,,,,,,,,,,,,,,,,,,,,,,,,,,,,,,,,,,,,,,,,,,,,,,,,,,,,,,,,,,
-0.07517694762480083,-0.5582653407143888,-0.009249879516821208,-0.5880123603967803,0.027740145056653336,-0.5782104841806477,0.06659701522216421,-0.5666128074330656,-0.10263200680976296,-0.5937995192748968,-0.13205146972710138,-0.5864903722131223,-0.16005140549101718,-0.5766401228985945,0.14843980078870028,-0.47681553582584185,-0.18763862410296991,-0.48530028346159104,0.021634829221499896,-0.45336804262993996,-0.1408026597614999,-0.4658336870320061,0.4996981973686296,0.01736984589862972,-0.4996981973686296,-0.01736984589862972,0.6531544040067236,0.6959546653922811,-0.7954210604452838,0.43946257248571213,0.5078614778159475,1.1337343911857274,-0.633319435034421,1.01611375030802,0.5231508745118094,1.3434776475394141,-0.642424351399047,1.1921276224688897,0.4738639024229897,1.3180178459417118,-0.5333214043280422,1.1600758385638643,0.45661172588185067,1.249598985537316,-0.5219886085492064,1.0841526211312198,,,,,,,,,,,,,,,,,,,,,,,,,,,,,,,,,,,,,,,,,,,,,,,,,,,,,,,,,,,,,,,,,,,,,,,,,,,,,,,,,,,,
-0.08022949539786112,-0.559812917606845,-0.013521011168728466,-0.5896896226013429,0.023551431540378236,-0.5798870937611911,0.06255682016801933,-0.5682940512096909,-0.10615146842254418,-0.595355231461609,-0.1351124751918531,-0.5880712796898901,-0.1629174959068827,-0.578283275804493,0.14601044857228473,-0.47828347006221034,-0.1894185888948502,-0.48673292423787545,0.016534000166897413,-0.45505355966469124,-0.14393795039448967,-0.46745912317657035,0.4997160112201672,0.016849573591214723,-0.4997160112201672,-0.016849573591214723,0.6543995168815084,0.6953844627587829,-0.798723380298018,0.43763125208167913,0.5150964357239838,1.1309343889961996,-0.6374876174607316,1.016672830696475,0.5340782977162299,1.342324570171588,-0.6457508767422553,1.1881607072881128,0.48389946242832466,1.3201204220960638,-0.5378150301495954,1.158103066434816,0.4646796916944049,1.2516054592268653,-0.5275982896686771,1.0844637997002224,,,,,,,,,,,,,,,,,,,,,,,,,,,,,,,,,,,,,,,,,,,,,,,,,,,,,,,,,,,,,,,,,,,,,,,,,,,,,,,,,,,,
-0.08416196532211825,-0.5617684719641756,-0.01786101870930812,-0.5916857480947839,0.019552663857896203,-0.5818983905164805,0.05900422519412465,-0.570317035886755,-0.11032578419099477,-0.5973042809895567,-0.13884824510146096,-0.5900495291834952,-0.16641939479245046,-0.5803133318728971,0.14386452346530682,-0.4803003723384395,-0.19132023572209553,-0.4887841938989443,0.013283068721252556,-0.4569093709708589,-0.14647084268274022,-0.46939799695748713,0.4997499001079144,0.015812569118569295,-0.4997499001079144,-0.015812569118569295,0.6566674436106291,0.6945526726550951,-0.8016950397713651,0.43158224675604206,0.5188847812524036,1.1288269971643807,-0.6397019962092635,1.013640799336841,0.5368573111522036,1.3407701532337073,-0.6471967401724147,1.1862188426890659,0.4893657772977941,1.3189288907908652,-0.5397751088848508,1.156107621779045,0.4699965187650193,1.2509431371277868,-0.5294154526650494,1.0825284291599824,,,,,,,,,,,,,,,,,,,,,,,,,,,,,,,,,,,,,,,,,,,,,,,,,,,,,,,,,,,,,,,,,,,,,,,,,,,,,,,,,,,,
-0.08568431494309584,-0.5622419899369325,-0.020765734870697775,-0.5922868024421204,0.016876780637040793,-0.5825753194139128,0.05656747285972441,-0.5711236255467379,-0.11334247023241682,-0.5977205047375095,-0.14157582933485563,-0.5904495337919853,-0.16903103417203189,-0.5806997038429031,0.14193009974437287,-0.48137384774890085,-0.192742276237812,-0.48915745812765205,0.012477160708731271,-0.4577559666506093,-0.14734697826810372,-0.4699078051155816,0.49977892862622014,0.01486682552623538,-0.49977892862622014,-0.01486682552623538,0.6569647117251737,0.6927081774324791,-0.8084861784073677,0.41000214507201566,0.5281381057304826,1.1252301157133648,-0.6407956886775743,0.9955683989974063,0.545296347754073,1.3360218865932625,-0.6477749535934721,1.1646221781568196,0.500805899268595,1.3140385743264313,-0.5405351890456229,1.1425877366621557,0.4814348143404219,1.246684087561357,-0.5300025054537202,1.0707128246363435,,,,,,,,,,,,,,,,,,,,,,,,,,,,,,,,,,,,,,,,,,,,,,,,,,,,,,,,,,,,,,,,,,,,,,,,,,,,,,,,,,,,
-0.09556029581527996,-0.5609319314961511,-0.02870161564475929,-0.5913264023187602,0.009554572434029237,-0.5816283665215485,0.050179969776465015,-0.5702658680342308,-0.12202784793651293,-0.596810061110817,-0.14907431913053606,-0.5895244799633208,-0.17585737808143595,-0.5797825421255884,0.1385181297720381,-0.48154891222749974,-0.19289455926789012,-0.4889951235617153,0.0029675152774080293,-0.457149696553754,-0.15425182060155532,-0.4692414567141629,0.49979965338019494,0.014152967216700518,-0.49979965338019494,-0.014152967216700518,0.6595455454372637,0.6914447555717887,-0.8140318542167846,0.3982875666869372,0.5264655776845207,1.1260933430498583,-0.624091333175402,0.9571685474439553,0.5434664239912849,1.345534002819172,-0.6029550022055293,1.1245253772949706,0.49902342527913934,1.3149769318464868,-0.4937947672993654,1.0947540402782685,0.47958145041157896,1.247039337141692,-0.49282454471156517,1.0325734915024756,,,,,,,,,,,,,,,,,,,,,,,,,,,,,,,,,,,,,,,,,,,,,,,,,,,,,,,,,,,,,,,,,,,,,,,,,,,,,,,,,,,,
-0.11414222319284119,-0.5559856193620145,-0.043064807141830676,-0.5891948338681985,-0.004962076937991184,-0.579533991289153,0.03618899628231964,-0.5682563058297686,-0.1332572589786529,-0.5940598161282585,-0.15773602033166467,-0.5868997922942709,-0.1827686917145037,-0.5773983444752425,0.13178448503813825,-0.4803939393630474,-0.19180575472166253,-0.4878401697741385,-0.018850260436945918,-0.45464818124065126,-0.16513888988562386,-0.46519658193913604,0.4997797313056052,0.01483981725281943,-0.4997797313056052,-0.01483981725281943,0.662494462697178,0.6998927658728703,-0.8581918231963879,0.39576295355396646,0.5157937182055008,1.1224134177825569,-0.5802930554892896,0.9109892426118273,0.47855895274528437,1.3378942004982388,-0.5092267288528903,1.0596211650480085,0.4332144609997603,1.2938385728509114,-0.41143161109885895,1.0098531182740453,0.42786450375070123,1.2306839828389504,-0.4212721582646818,0.9587160894963227,,,,,,,,,,,,,,,,,,,,,,,,,,,,,,,,,,,,,,,,,,,,,,,,,,,,,,,,,,,,,,,,,,,,,,,,,,,,,,,,,,,,
-0.10928395336406867,-0.5439816688044063,-0.03841090619468207,-0.5838349334714593,0.0006338445674351481,-0.5741739164703898,0.04200685679055569,-0.5629658015543557,-0.1287237182292774,-0.5893046633713487,-0.15395753230697654,-0.5825735846470605,-0.17939958207173148,-0.5735938402221497,0.13404466839275841,-0.47803771574739645,-0.1905823979057859,-0.4864035689348856,-0.014998253060075482,-0.4427210675425501,-0.16098284494907916,-0.45444256112705983,0.49974656584254074,0.015917598078450088,-0.49974656584254074,-0.015917598078450088,0.6709867899364546,0.6973391093732229,-0.8917088793072072,0.3961365687514426,0.4998821987587066,1.0968334941184164,-0.5315202858518295,0.8360542866669692,0.4845628897811257,1.2874289456045849,-0.4107957395211034,0.9516810368988502,0.43805260991847933,1.223118803532224,-0.3385084923170284,0.8964922395185981,0.43178415629894124,1.162611853184287,-0.35619304790003,0.8614973309902295,,,,,,,,,,,,,,,,,,,,,,,,,,,,,,,,,,,,,,,,,,,,,,,,,,,,,,,,,,,,,,,,,,,,,,,,,,,,,,,,,,,,
-0.10177085364608512,-0.5101566817530315,-0.028328675454779826,-0.5680407466654781,0.012146878245371697,-0.5603116973979011,0.05308983501560278,-0.5511912039613353,-0.12616687802870186,-0.5736592219735983,-0.15315033014567303,-0.5692864246654504,-0.17976069847839884,-0.562980238466324,0.13773184946581635,-0.47869478471378624,-0.19541237999370228,-0.4861306743696529,-0.007608474546834054,-0.420210568751662,-0.15872881207380118,-0.4259262423682763,0.4997243866764908,0.016599318082533565,-0.4997243866764908,-0.016599318082533565,0.6800201765511998,0.7150478370358264,-0.9076119873946625,0.4032327843642582,0.5090519193947683,1.105849377079605,-0.45492986087444043,0.7153460036434669,0.4865528580077383,1.29421406607065,-0.29490063807640543,0.7910083464176502,0.43971341248036533,1.2219368280699434,-0.235798746578848,0.7297799211611086,0.4326151195250891,1.1615276725224728,-0.26443913882400427,0.7056940175889156,,,,,,,,,,,,,,,,,,,,,,,,,,,,,,,,,,,,,,,,,,,-0.38260705921076943,0.7568653908201566,-0.2974380584389075,0.6741380516136326,-0.18549427210546343,0.6602283665698777,-0.09766542992060726,0.662704701582032,-0.03648982847112882,0.6419404391099008,-0.11237135249215437,0.7255287312666142,-0.059904544238885145,0.7158657298210166,-0.08021004070891619,0.6950437617207905,-0.10375074501176493,0.6871651284498003,-0.13143768005692227,0.7916901740884384,-0.08953319230575489,0.7759894866004686,-0.11152229115729907,0.7554018459097736,-0.1416025702570684,0.7511049671774166,-0.16696200324409524,0.8454350180528786,-0.12921188260362293,0.8235305374325539,-0.15410697930557743,0.8048539419134991,-0.18565186730236494,0.8001124419425447,-0.2082026885098229,0.8851860594419373,-0.18214778378809815,0.8610510873096288,-0.19979093534716985,0.8457119049278159,-0.2227898201029272,0.8430511872905339
-0.10134658566665904,-0.5122894555764905,-0.02604141884722725,-0.5722117274478238,0.01501748552319059,-0.564700990853406,0.05597878702972345,-0.5557381742976487,-0.126241392400218,-0.5765954379173973,-0.15485802040254293,-0.5717744134487438,-0.18254716801284016,-0.5651236834117872,0.13836687088650523,-0.48337109420701924,-0.20136989930194354,-0.48947241253287227,-0.006362985147708099,-0.4219697148627519,-0.15919811973514061,-0.42544866830484684,0.4997339421633326,0.016309109414524577,-0.4997339421633326,-0.016309109414524577,0.6891585674883797,0.7297426231656294,-0.9097662317879182,0.4124552079298081,0.5160253919157146,1.1448550722295203,-0.3631659515567309,0.6419987878660695,0.5338325343909175,1.3432496665899738,-0.1870976008841472,0.665218268658443,0.48047984672547683,1.2638819546260998,-0.13496925316431443,0.5920642259175659,0.46194758206566544,1.1983024511299623,-0.17501269531339192,0.579602454295208,,,,,,,,,,,,,,,,,,,,,,,,,,,,,,,,,,,,,,,,,,,,,,,,,,,,,,,,,,,,,,,,,,,,,,,,,,,,,,,,,,,,
-0.09963433212336882,-0.521559085916636,-0.02214671841338222,-0.5812868982571299,0.019572204620241743,-0.5734656537226779,0.060968648892670015,-0.5640659229801779,-0.12422486123729592,-0.5857424084914787,-0.15284909784726486,-0.5807469700055743,-0.18071031625447703,-0.5738932265875926,0.13808243619794122,-0.48769447218791234,-0.1958102837564961,-0.49459139430612653,-0.001107021481185436,-0.4275194426188846,-0.15672876241274758,-0.43206202341541394,0.49970508797104607,0.017170470460914394,-0.49970508797104607,-0.017170470460914394,0.7089595722247006,0.7525255192687194,-0.9267086391298333,0.4264076883372232,0.566834611258598,1.194071296843302,-0.2845559979739432,0.529872282369052,0.5773341670322447,1.3875746321157558,-0.09899216241495642,0.5645605978792375,0.5091621309823232,1.3159610072923498,-0.05533778331820925,0.48595811790919446,0.48234400883342976,1.2547797713755622,-0.10095348679848919,0.47204498116761934,-0.6866333639740907,0.45353493367336656,-0.7450895765593148,0.40100071872475623,-0.821209929594823,0.38763905048795205,-0.8811828102339336,0.4000057932986788,-0.9205712180304605,0.4244034445849909,-0.851439493226498,0.38345201322306666,-0.9322288187643962,0.4022029797114094,-0.9813624517381663,0.420939942296974,-1.01372175937579,0.43839515878104307,-0.8452361857095408,0.42268303919554806,-0.9267944616590116,0.4470866551071174,-0.9699186212284671,0.465638843975471,-0.9976021651191821,0.48159486486768466,-0.8331622606159312,0.46554250231098837,-0.9108972117754477,0.4888221753588488,-0.9504446708427633,0.5030868359933075,-0.9746278063266817,0.5141453808861801,-0.8181434638837185,0.5078009645988686,-0.8829272037901723,0.5195178225880783,-0.9192579955641559,0.5252503461234468,-0.9453882246137376,0.5305016799994677,-0.23208765323469657,0.501604107953793,-0.12963769382544765,0.41484552160740484,-0.013531595223755096,0.3804961524107559,0.057366015237237375,0.35053337609358026,0.09725327965379246,0.30809506738761466,0.07363128898246737,0.47498281843839163,0.0782221054441213,0.4788654004836198,0.040521783844746126,0.4673936107930268,0.012714571229266145,0.4624454354789984,0.04502715056630034,0.5388936484050105,0.04520103235912842,0.5364983327011231,0.0114741885072726,0.51525168920565,-0.02098789545849446,0.5032863916078953,-0.0026142563505616597,0.587869056727253,-0.008115456158558533,0.5857369625292873,-0.0433293070202222,0.5655164939096093,-0.07274217082182449,0.5531990240901389,-0.059607677007865054,0.6242954121711205,-0.0763822778837652,0.6282906737674058,-0.10563059582772483,0.6091330754354323,-0.12683827476037557,0.5984741604348014
-0.09724162357571682,-0.5340483066894128,-0.01911532311500402,-0.592845172406176,0.023467042491503675,-0.5850431225442994,0.06572999621612964,-0.5756418731599026,-0.12460577860387696,-0.596301722595283,-0.15441849054565812,-0.590837880064719,-0.183304466631653,-0.5837134435167506,0.13766280933234845,-0.49645387596031365,-0.20080617789990213,-0.4992144212384611,0.00258529007788131,-0.4376183544504752,-0.15694603100879803,-0.44094549467487515,0.4998053934106236,0.013948789110592706,-0.4998053934106236,-0.013948789110592706,0.7345284517324947,0.7783081103070484,-0.9483899549582325,0.42460104957163475,0.5835152489790713,1.2367745103896408,-0.23763090357276656,0.3966340514313971,0.5734434754054479,1.4355779102491804,-0.04537036452316277,0.40194808604416066,0.5045485528509117,1.3625066907147474,-0.003678419728081665,0.3383433893440232,0.4820518175805724,1.3020383297794185,-0.051779066992425495,0.33793369144025276,,,,,,,,,,,,,,,,,,,,,,,,,,,,,,,,,,,,,,,,,,,,,,,,,,,,,,,,,,,,,,,,,,,,,,,,,,,,,,,,,,,,
-0.10358449972704242,-0.5302874272349156,-0.029876812196507282,-0.5925241758637892,0.01314907309523792,-0.5862496662925819,0.05594078438779883,-0.5782357718141385,-0.13841402432595096,-0.5922165686885602,-0.16821618510017494,-0.5862224587932547,-0.19833468381433744,-0.5783466322218449,0.12796417881321825,-0.5010163541403445,-0.20946444608886364,-0.4977289843460152,-0.0001817894109274614,-0.4389067768827042,-0.16153491664599134,-0.439736537931837,0.4998056881006311,0.013938225936419678,-0.4998056881006311,-0.013938225936419678,0.7417864799028192,0.7870099460481812,-0.9392273770601544,0.4303894759863612,0.5884482623513975,1.3143771016886447,-0.21667314748398456,0.26923363696159275,0.5734569302221143,1.5264429095788516,-0.02092798141033796,0.23686767697838026,0.5019223232597322,1.4633093286773793,0.007022106679585938,0.18781133744521336,0.4784498315391824,1.399188156158538,-0.04311630623478284,0.2002152499245498,,,,,,,,,,,,,,,,,,,,,,,,,,,,,,,,,,,,,,,,,,,-0.16619829556674148,0.23698110923925683,-0.07391018712751764,0.17850556051115446,0.022577757538695294,0.13568231017708493,0.07202271762195359,0.09091027194344527,0.08893644231563867,0.03995170858915877,0.1301976302505251,0.1717815180779291,0.1469588034430075,0.21716146118459576,0.10110509791024547,0.22518252977977712,0.06967339743129311,0.2127217658093092,0.09862677897899388,0.21760381992987568,0.11390778299166107,0.2640835686685495,0.06596058897833008,0.26258079425297487,0.03040377137501853,0.24275776218098455,0.051609783649127904,0.26117832211103936,0.06886624161791972,0.3013529697618493,0.02282587368927611,0.29639809158835734,-0.009879164830327507,0.2765031829882937,-0.0069750011583627385,0.30064083715508133,0.013396241720966547,0.3348996810715847,-0.026826594336611963,0.32727928012818686,-0.055913712249164804,0.30770842502757245
-0.10557756094501945,-0.5311769906427413,-0.03294848095781656,-0.5936756211562443,0.00967986576834661,-0.5875021394536429,0.05257882226267859,-0.5795707187775108,-0.1413974970425597,-0.5933227083162321,-0.17151413761722448,-0.587532670136725,-0.20231788931449862,-0.5798685124648444,0.12246417054945,-0.5035572408542823,-0.2132682276466282,-0.5002970146897184,-0.0034640372569959355,-0.4406277657124076,-0.16417161078792508,-0.4406712053420278,0.49981316824910565,0.013667364222527253,-0.49981316824910565,-0.013667364222527253,0.7515295661879071,0.7722272519771645,-0.917273233949345,0.4095736897343816,0.5793511300837544,1.317184645501272,-0.1965591331324225,0.14196835934502183,0.5865977618816279,1.5725681404751524,-0.009499686927248846,0.12922497516888218,0.5129141780552634,1.5234401050164095,0.02794978169148565,0.09487952763147027,0.49037556720758757,1.4525447170396633,-0.025698297492112384,0.09775829101076844,,,,,,,,,,,,,,,,,,,,,,,,,,,,,,,,,,,,,,,,,,,-0.16027802662734164,0.1753263066229222,-0.08425327898888159,0.11298306157700728,0.002323542075551486,0.06880249940626953,0.048512435801876294,0.023444559349692782,0.06614031946333264,-0.026641333602437183,0.07705432150150315,0.10383014037237154,0.14300414862676844,0.11339546485318178,0.1186484498759217,0.10895041596059556,0.09090965091383368,0.09511844559438157,0.05538423004101428,0.1354828772837644,0.11943241224821893,0.1488065493423781,0.09526508849500206,0.14027503340548592,0.06597366428051286,0.12447461944547451,0.019947874069177238,0.17034358986182893,0.08032144609781491,0.18462949069731346,0.051177416098295,0.17473071924825484,0.02337577993612741,0.15780142132855282,-0.02522428643933813,0.20227813795531785,0.027309115455891632,0.2188715300598118,0.0006579464656159048,0.20558815577081435,-0.027310481481980318,0.18939391648943463
-0.14799890976672356,-0.5419042431205092,-0.0754557937808497,-0.6118362690632593,-0.033034066359195986,-0.6073718005325215,0.0093193531759844,-0.6005313138519247,-0.1773907672923845,-0.6072698306320351,-0.2056478143748652,-0.6009346958152547,-0.23452349759379104,-0.5932760605602522,0.09859776079661522,-0.5229022821747332,-0.23498668409558698,-0.5175829109290283,-0.04077970281116771,-0.4552020688437317,-0.19209874832119253,-0.44933749946710094,0.49992753595718087,0.008512273009109032,-0.49992753595718087,-0.008512273009109032,0.752610073772155,0.7842460070023524,-0.9530034164210255,0.3928342277450581,0.5484612731549228,1.361894319436921,-0.26423194671262307,0.05677966567008764,0.5729918158176289,1.6465057343347305,-0.08704761400513096,0.015362176620557144,0.5024258336568995,1.607575861093207,-0.04374701988776186,-0.005760702034853456,0.4831284340745661,1.5308860628550236,-0.09188355937526997,0.004680425459886488,,,,,,,,,,,,,,,,,,,,,,,,,,,,,,,,,,,,,,,,,,,-0.20111124307507222,0.10022263815987952,-0.1380985530398974,0.033311127925472805,-0.05680394589105115,-0.013046736040800984,-0.007938648396620878,-0.049450060790052194,0.0073250721036182374,-0.09375222280661652,0.009514859904553101,-0.033815425655238804,0.11249897789876302,-0.007165792448585539,0.09698001640709274,0.007788574845629338,0.06547462011015079,0.001347815796987477,-0.009043240330353041,-0.0031553043156025196,0.09262489671519494,0.02680838579466071,0.07904020093061487,0.03897491990328232,0.048885361179191726,0.0324752698990184,-0.034214696495771905,0.03812205518081295,0.060398051074081055,0.06562609917320968,0.041391451938482794,0.07306069580467633,0.011689468175160563,0.06298247152572675,-0.06415786612985179,0.08182097141806968,0.012455612803074294,0.102908431169383,-0.0045985895197649005,0.10427543220608984,-0.03219441345015973,0.09519891637754223
-0.16206928644507293,-0.5386886290611356,-0.08731464742759974,-0.6116126175080095,-0.04453756241317779,-0.6090092847008175,-0.0017936912867381508,-0.6036640394389159,-0.18734830592056045,-0.6048668768588028,-0.21520938718136193,-0.5990505597303266,-0.24382809842739386,-0.5918933908772199,0.09241375657919843,-0.5269923230742426,-0.24077143138316678,-0.5200458150723599,-0.05717170139456697,-0.45066800984429495,-0.20282993511973496,-0.44527322642180694,0.4999666770979663,0.005772503063478286,-0.4999666770979663,-0.005772503063478286,0.7503940217282109,0.7858368442655184,-0.9549053922600885,0.36097185598051695,0.539759317607561,1.3620863525673779,-0.2930210465822961,-0.004997276784401873,0.5530000693856313,1.638510984667689,-0.12273443224685994,-0.06800359827975871,0.4872926814509984,1.5968890362765837,-0.07603747243990476,-0.08265791899678668,0.4723146313279131,1.5216226913806428,-0.12223537591296407,-0.0620242504287821,,,,,,,,,,,,,,,,,,,,,,,,,,,,,,,,,,,,,,,,,,,-0.21968767929907856,0.0403049117308367,-0.1378629342157204,-0.0189360855528748,-0.04466744991554265,-0.06496827292525643,0.03414486619566698,-0.07788204457631794,0.0927733145835686,-0.09174361338827029,-0.029674700880329006,-0.12896733633205043,0.09515326632711787,-0.08767646680306658,0.06945094644947285,-0.060686084082328964,0.028496385203271565,-0.06929745588628652,-0.05053542524000837,-0.10449605034515391,0.0778433185962875,-0.043352391954983575,0.047100685215557145,-0.027251853753789825,0.006880786904385796,-0.04679674280659565,-0.07111376088399135,-0.06635251470780418,0.04181798099804774,-0.00529125502696868,0.00858995944638599,-0.0015799210502562776,-0.027946306684007136,-0.026533020416436563,-0.09389919471832206,-0.022957086034137143,-0.005673214738765218,0.021492282906270605,-0.03596102985767827,0.026982326586205738,-0.07350431280455624,0.007150384739816654
-0.16768259846491265,-0.5350772290471514,-0.09494798389376287,-0.6035746319690931,-0.055427933367270255,-0.6017296810179421,-0.01533645100214422,-0.597674835211764,-0.19087482246282778,-0.5962792908551708,-0.21793634315665408,-0.5905533712282405,-0.24551815119550996,-0.583911448769116,0.07930010324695616,-0.5222666298581,-0.24041947669276414,-0.5159394971590546,-0.06879044035590294,-0.4486020768181863,-0.2070923664664697,-0.4433315766239277,0.49997834764651533,0.004653158568144023,-0.49997834764651533,-0.004653158568144023,0.7500981238505698,0.7808393953611765,-0.9230451743019913,0.33795948898850836,0.5233336256662242,1.3629360281089828,-0.26167599125364477,-0.06759208171980868,0.5393863471662742,1.6315740723968617,-0.09783768315201677,-0.18126386665198232,0.47666013700529664,1.5893099040337426,-0.06182064137139277,-0.19200053186665209,0.46542900427985096,1.5147691036324584,-0.1074372853097178,-0.15308176515154645,,,,,,,,,,,,,,,,,,,,,,,,,,,,,,,,,,,,,,,,,,,-0.22027844971091426,-0.0034445073679842645,-0.14581022780262792,-0.04340540503713143,-0.07960520172678111,-0.10465083001884265,-0.05074697426525857,-0.16277064027042049,-0.04911261412663683,-0.21684635708515335,-0.052524510690262344,-0.18475499120016706,0.057215161072528144,-0.1905923251803838,0.09900679109916884,-0.20623065602548024,0.1188958447944116,-0.23850085078990022,-0.0702213543484601,-0.17015673987022623,0.07128477782335192,-0.11586328757649934,0.04979673362545136,-0.08895746402018631,0.008318054137819598,-0.10481140816611893,-0.08887331965622809,-0.13704870916909245,0.033344335239008864,-0.08174106793373555,0.0029284290096344154,-0.05869244465783403,-0.03238334222986861,-0.07260049291157453,-0.1095150392047835,-0.09230541228198902,-0.020796390966625715,-0.05215302340373308,-0.04494225108940059,-0.03062550669209676,-0.0776624183625538,-0.038859557944502
-0.17974076157727062,-0.5251837475062889,-0.10711237968983858,-0.5988118680314126,-0.06843847483343057,-0.5986350284791444,-0.028129605990756357,-0.5963196491901972,-0.20175454164974296,-0.5890444942442464,-0.22848475589133357,-0.5832834165934507,-0.2551307200923031,-0.5768074253153881,0.07436178014281647,-0.5236892715319214,-0.24479020368531107,-0.5148735240496048,-0.0802297740888166,-0.4389156974519766,-0.2136072821361065,-0.4342345456602758,0.49999854500793256,0.0012062296424964205,-0.49999854500793256,-0.0012062296424964205,0.7520085209982784,0.7732559250667255,-0.9223029071453518,0.3337077820898495,0.5154066086974942,1.3636927545846542,-0.2700146088252424,-0.08787029765424598,0.5103316485517904,1.6143869473686843,-0.11171220381965385,-0.2175157855011299,0.4537328704167084,1.5694304984510035,-0.07527769640506778,-0.22815067810758477,0.44910952470194815,1.4981552491956787,-0.11745817063406067,-0.1822024023580575,,,,,,,,,,,,,,,,,,,,,,,,,,,,,,,,,,,,,,,,,,,-0.25692057015155545,-0.019391551016288405,-0.15748000486287606,-0.05644831126896429,-0.09589614754759213,-0.12735648124408713,-0.07548525657282465,-0.19114210146528102,-0.0768834366039781,-0.24311047741011926,-0.07539002979256257,-0.21871296289729902,0.058169093401514584,-0.17553453196886795,0.04588597918818815,-0.13448266615205304,0.015417258490949196,-0.13889966341706875,-0.09264332618229244,-0.20535035049005848,0.052408443415899696,-0.13879452906011772,0.022702534846179304,-0.10353888071645573,-0.023667917714345205,-0.11322022252474732,-0.11149480735273817,-0.1748354419532912,0.02045629476146429,-0.11114005908524986,-0.0091451209490763,-0.07962106398145269,-0.048183539094601296,-0.08550181660534723,-0.13036646006421249,-0.1323072759322935,-0.03437936238816646,-0.08703806121237466,-0.05387191366465798,-0.05893033742337015,-0.08486395398815758,-0.05883824685443406
-0.19035347411585724,-0.50663510539839,-0.11784722944861063,-0.5872836653298745,-0.07820769802997647,-0.5886665495624399,-0.03551647177954672,-0.5878576657324582,-0.21393896309490576,-0.5765295694860082,-0.24145304026210399,-0.5714996565044752,-0.26775833758425044,-0.5660304019825759,0.0732210247894213,-0.5220536525057562,-0.2511154042352543,-0.5128070057111795,-0.09236012252321261,-0.4158178326726683,-0.22174287727370928,-0.4139454946171465,0.49999998862202877,0.00010666757294209043,-0.49999998862202877,-0.00010666757294209043,0.74915210100886,0.7766299899491306,-0.916118459195751,0.33064141324222984,0.49993312451925837,1.3686882819752284,-0.2742275469107504,-0.1008474608530844,0.4888272404516085,1.6232440733827407,-0.11743630873137063,-0.22959829972011808,0.434048931640412,1.5785018229948675,-0.07942972183542713,-0.24066903360097963,0.4299179614195728,1.5062390524320344,-0.11987434286836111,-0.1914595595760866,,,,,,,,,,,,,,,,,,,,,,,,,,,,,,,,,,,,,,,,,,,-0.26802679624098386,-0.03721882181362487,-0.1597520508072492,-0.07169335185465772,-0.0974188858617226,-0.1314379310484977,-0.0701868692565323,-0.18812308380122816,-0.06303770784425786,-0.23672791734218235,-0.08646147732849015,-0.2298527985267014,0.03635556615703279,-0.2012530745516731,0.043944570232499314,-0.16848508249976343,0.03838854987274385,-0.16586950770445322,-0.1053550964665644,-0.21445715989137643,0.03194353761983746,-0.15369451388222807,0.004534553068128471,-0.11382647045498241,-0.03437262313493684,-0.11429967358058457,-0.12320408927955744,-0.183547331277913,0.0036575881227992038,-0.12205003920599168,-0.029012899744984874,-0.0864131905647657,-0.06748953985162486,-0.08342234636182967,-0.13998268373642286,-0.14270295740785913,-0.04348532695704729,-0.10126303485370777,-0.06240299999076485,-0.06948161046804975,-0.09105906448921963,-0.061903559505777944
-0.19494601972491896,-0.5096499318083143,-0.12269931971037984,-0.5901645405447629,-0.08462677207863271,-0.5909640728334735,-0.04328218591928726,-0.5896311828489693,-0.21699781035651605,-0.5802221451077368,-0.2442594193667175,-0.5749518881679804,-0.27063555663236255,-0.5690626942587129,0.06979007780751562,-0.5232133102189711,-0.251382741320871,-0.5142488092606591,-0.09581013902098513,-0.41793963790072064,-0.22560774802759193,-0.41580822413746543,0.4999962223472328,-0.0019436148014867404,-0.4999962223472328,0.0019436148014867404,0.7497637989495413,0.7684008108760394,-0.9183359865744372,0.3191985168095568,0.49345848449749663,1.3777729278569617,-0.28433724498034024,-0.10955530135186548,0.4726297283012297,1.6346084304020698,-0.12488872279631388,-0.24265750935048158,0.42201088455311403,1.5890246446638394,-0.08526458259167388,-0.25664381361635236,0.4198582920807065,1.516210801869859,-0.12693614208721696,-0.20329406897040628,,,,,,,,,,,,,,,,,,,,,,,,,,,,,,,,,,,,,,,,,,,-0.26837800708772774,-0.045118934683265915,-0.15984468650709727,-0.08327554882379087,-0.09843457008164874,-0.1422544358822709,-0.07636318554226453,-0.20090390036607988,-0.07959257850585559,-0.24396028810904824,-0.09457312951907154,-0.24015381133927097,0.024556965389534287,-0.21064877192386952,0.042384251873086885,-0.17975904833389417,0.04687615523328507,-0.17171358809450912,-0.11193189108994968,-0.22478541621015108,0.01816315631832269,-0.16243270315457561,0.012457727330985201,-0.12869213801799942,-0.0022054311906496166,-0.13041200768129937,-0.1255566445352926,-0.1916057266839813,-0.0007975512870042047,-0.12947596636591008,-0.02254621263930637,-0.0978065205042883,-0.052166870517936996,-0.09324193239057096,-0.13672409142756797,-0.14955100544020397,-0.039541046187608946,-0.1096107693996452,-0.04828353088195066,-0.08177582247739332,-0.06874072319451915,-0.07138925043957539
-0.2003620756156417,-0.5090526948891873,-0.12944037824176355,-0.58952559270933,-0.09254721311135349,-0.5899255785249082,-0.052853067202187055,-0.5893312521663515,-0.21970994035071031,-0.5805988885688277,-0.24549898080720953,-0.5752646402898604,-0.27117202177695865,-0.5692327389835057,0.06311344141940212,-0.5220825118496549,-0.2462767750070071,-0.5130877633174836,-0.09763894973831946,-0.4203651468853833,-0.22682306344045336,-0.414930452123476,0.4999954463231866,-0.002133929726458184,-0.4999954463231866,0.002133929726458184,0.7463908849888927,0.7667170048617552,-0.9147108565675943,0.31413064237935073,0.4838388995597185,1.378199622704586,-0.28536154558633764,-0.12834734769622314,0.46920294693727294,1.6443498243670769,-0.1269573699853462,-0.265341301455073,0.4168077572870682,1.6082671435463245,-0.08740132898964136,-0.2786908190494141,0.4157698823013357,1.532021422553391,-0.12920708318461263,-0.22456413364633654,,,,,,,,,,,,,,,,,,,,,,,,,,,,,,,,,,,,,,,,,,,-0.26015523874018487,-0.046552300542930636,-0.14438451075451955,-0.07442925975628326,-0.0835333833476559,-0.13033633206772924,-0.05697432519326415,-0.1862582373365126,-0.05465923177427766,-0.22940911034711234,-0.08796051708033086,-0.2405151071418522,0.035287245482374,-0.2018241299784347,0.040430393427489913,-0.1627009089174626,0.03413243494947697,-0.15586629980335528,-0.10513304941676173,-0.22626178721499304,0.02982209275467201,-0.16205178702233436,0.01847977670759595,-0.12679629558940592,-0.0006302566775438145,-0.13069498721577513,-0.11821154151878312,-0.19360717564606095,0.009217386901526474,-0.1319876866481919,-0.015379256596201383,-0.09958991565606763,-0.04635219962817064,-0.09720692185470667,-0.12861102871452149,-0.15148236885904162,-0.030531338530269698,-0.10796664830073086,-0.043621207366559556,-0.08066320610287424,-0.06637885217304224,-0.07373095868707043
-0.21135117741708012,-0.5155178899159153,-0.13922272286433446,-0.5928476460392179,-0.1033848912033328,-0.5936480748394019,-0.06497300516897365,-0.5934461740121214,-0.22523472184920681,-0.584328967487473,-0.25011004879279564,-0.5788707605211123,-0.27591885906596064,-0.5725461047783823,0.05728352592295126,-0.5249136703027553,-0.24127503961970145,-0.5158974141917472,-0.11087290444079827,-0.431021524061604,-0.23283788957861362,-0.42446300831541595,0.49999102058809175,-0.0029965532330290473,-0.49999102058809175,0.0029965532330290473,0.7472340196576753,0.7639758449687567,-0.9149715021813286,0.3135975682627045,0.48367198401583095,1.387140501806431,-0.2796282975961748,-0.13139156518423695,0.4740310383387218,1.6544218318695556,-0.12327915225981949,-0.2696321050219627,0.4206452999230492,1.618140557580367,-0.08381703406862324,-0.27920811776969523,0.4181003059343793,1.5413080891371786,-0.12462013320310637,-0.2260562393574807,,,,,,,,,,,,,,,,,,,,,,,,,,,,,,,,,,,,,,,,,,,-0.26188559205337403,-0.05024091199792858,-0.16033244719258982,-0.08621701601300456,-0.09648272372600197,-0.138784932879553,-0.06587989208662887,-0.19163048150105885,-0.06509098598261778,-0.2347334818037301,-0.09326796396356107,-0.24300590801839708,0.03030838689377352,-0.21044718929091494,0.039130279035375304,-0.17733393175139048,0.034530766578148096,-0.17032900211573815,-0.1063391945503947,-0.2280267653426144,0.03013040109628581,-0.17242192957153826,0.022669056740528604,-0.14082618937704336,0.007134867964192818,-0.14245117941656574,-0.11779898694792182,-0.19505308461333476,0.010265272894273902,-0.1391963438617752,-0.012913898678712355,-0.10928610597915701,-0.041561785337210666,-0.10536744717315011,-0.12806085376219495,-0.1511216821726008,-0.02703492660365956,-0.11071905108246503,-0.04241403003527886,-0.08675278515014896,-0.06724145444949496,-0.08038725644740954
-0.21848435053292914,-0.5185315197373254,-0.14541394891534004,-0.5939208134936004,-0.10925809165194518,-0.5944257095529736,-0.0706790962770018,-0.593907601260271,-0.2293117757463673,-0.5856696285900167,-0.2529690780642216,-0.5802539922240492,-0.27781098051102665,-0.5740638431251623,0.05371320938297644,-0.5242472625460607,-0.2400843193752064,-0.5162521191092505,-0.1182884353485199,-0.4319279436719401,-0.23609415231504088,-0.42540008408157887,0.4999900740187698,-0.0031505368915514136,-0.4999900740187698,0.0031505368915514136,0.7469720140308389,0.757792796830268,-0.906668205688532,0.31635364224431417,0.4849970929774529,1.3798796235627226,-0.2656004086952537,-0.12761587280828443,0.4769954160186667,1.6234931700226825,-0.11337900174632079,-0.27293367005854324,0.42276819994289483,1.5847360272818583,-0.07814124950994156,-0.2837287180408555,0.3385837692811838,1.4153668111492106,-0.116968663909353,-0.22919696724630995,,,,,,,,,,,,,,,,,,,,,,,,,,,,,,,,,,,,,,,,,,,-0.26422038366452966,-0.0525536907189449,-0.1598129602143432,-0.09237855614003693,-0.09821963367867985,-0.14964741707442566,-0.07377279152736137,-0.20688803867494004,-0.0757536102011297,-0.25145478915688924,-0.09982978387233893,-0.24376686644233178,0.007027274750743432,-0.21795480857676836,0.04457194100218571,-0.1990119505274717,0.06885355764219815,-0.19142660410793863,-0.11275439704540814,-0.2304973559036145,0.0071724641279895165,-0.1767543464009583,0.029623387910306078,-0.15448519971895383,0.04306618197076656,-0.15812219361896826,-0.12347706812316322,-0.19780666091226332,-0.009029799236410055,-0.14122577984195517,-0.01624687280055843,-0.11112620707162624,-0.03129241239643844,-0.10190326966613458,-0.13229129743170717,-0.15438915694590555,-0.03981401251514289,-0.11589981601141162,-0.03956690019507005,-0.09357411806696982,-0.04896617009922708,-0.0850318284620078
-0.2178748917956562,-0.5177228026318795,-0.14547237159510018,-0.5898949264933404,-0.10880604685434196,-0.5904050277532163,-0.06979984527694076,-0.5897417151000264,-0.2306259027636033,-0.5804612752588887,-0.25432942857542973,-0.5747027424981802,-0.27896626953839887,-0.5685004325023008,0.05274986452863701,-0.5204122563148931,-0.2407045478976966,-0.5122382547068517,-0.11690337035958581,-0.43183181492230666,-0.23621934952395449,-0.4251796455754536,0.49998941652639495,-0.0032532078930056323,-0.49998941652639495,0.0032532078930056323,0.7433817889689438,0.754278225257,-0.8976179101865196,0.31896381978855964,0.4830989465056294,1.370869657786188,-0.2597777010240632,-0.1274807851925656,0.47538233448717443,1.6127377361587714,-0.11087295254127139,-0.27584987304788233,0.42201046500850703,1.571264946998839,-0.07768342585540622,-0.2901239471814064,0.31170434393819924,1.3755827182841076,-0.11621971158091322,-0.23324921343726324,,,,,,,,,,,,,,,,,,,,,,,,,,,,,,,,,,,,,,,,,,,-0.25689296798010064,-0.05662420849798693,-0.14183418025301572,-0.08082125456351302,-0.07851262097649904,-0.1331441762846471,-0.047511642293616034,-0.18741952958456806,-0.04147412867353187,-0.2347234748641381,-0.09663399538589347,-0.24639375177886905,0.016824544229833392,-0.21272996487267923,0.03902687353051612,-0.1816408679167985,0.0501348443580652,-0.17299130277790334,-0.11481778388840544,-0.23372325643916636,0.011658800541460504,-0.17692787982501954,0.01578870198373193,-0.14186281688158647,0.012538824773189648,-0.13938833702973988,-0.12777500754451815,-0.20063734294036756,-0.007706221737292142,-0.14496020676021978,-0.021719706171129446,-0.11025036834211695,-0.04253951262496042,-0.10032051782676672,-0.1360902011265493,-0.1562223302609095,-0.039676429017009636,-0.11934754824162998,-0.041777075965415585,-0.09628365827504753,-0.05309140429341127,-0.08896412153113613
-0.21971180524042494,-0.5158223722289257,-0.14822607880644137,-0.5862466413084654,-0.11106755358799027,-0.5869355332035792,-0.07170602003842838,-0.5863380116500628,-0.2332651207684892,-0.5765449760267122,-0.25655118484324885,-0.5710052153473906,-0.2806245229609973,-0.5652086924423141,0.05172591419358806,-0.5184380651171409,-0.24074187486034676,-0.5105106759702844,-0.11730054336218501,-0.43180972858993344,-0.2366328118083169,-0.4249969274945732,0.4999880872040759,-0.0034514712818462705,-0.4999880872040759,0.0034514712818462705,0.74176239632381,0.7530297545753656,-0.892765258846196,0.32077647502337353,0.4829413018431621,1.3655513688860998,-0.2555284731399887,-0.11874378272544767,0.47569731080505756,1.6040094550698174,-0.10445766115470602,-0.2679260333621741,0.4225022786229759,1.5607791393348949,-0.07251013687381612,-0.283619106391525,0.31305752446828633,1.3682378304170553,-0.11123092144559331,-0.22535750202386926,,,,,,,,,,,,,,,,,,,,,,,,,,,,,,,,,,,,,,,,,,,-0.25519270159195057,-0.053113709686593395,-0.13846795764115366,-0.08314607112706955,-0.08167261593881661,-0.14596751817507927,-0.0625423843868254,-0.20781099896401306,-0.06325339600071192,-0.2569771340029506,-0.1062894051864145,-0.24221966724835908,-0.009350821964551257,-0.21919665433900543,0.04239254945806828,-0.2055229092309559,0.08048675323794141,-0.1976854446924438,-0.12422184673819223,-0.2296410650795512,-0.014812368474878882,-0.19258323518218023,0.03715783849515585,-0.1753341194524917,0.07898333522801747,-0.1731474479071412,-0.13694285363243286,-0.1959525165285864,-0.027903193935268692,-0.16170136088216824,0.01919214507855626,-0.14319387892896032,0.053235115136524506,-0.135074496406089,-0.14428811828491878,-0.150453194739548,-0.060144924933169384,-0.12281822046606519,-0.031524177441043785,-0.10778302835354853,-0.012173760714601745,-0.10162015664213031
-0.21824209935382682,-0.5152429884501775,-0.14817429980320676,-0.5849626983144552,-0.11110988887889862,-0.585528614534729,-0.0718181655811446,-0.5848115901725391,-0.23298946059693298,-0.5752258522477145,-0.25610359671074345,-0.5695420943999195,-0.27995286131257724,-0.5636211797165064,0.05100772538363879,-0.5168775529905606,-0.24070657864938513,-0.5086997534572406,-0.11130073954405853,-0.43068027562623945,-0.23349507781642315,-0.4244616165944589,0.49998817072380125,-0.0034393511403948652,-0.49998817072380125,0.0034393511403948652,0.7388508333378575,0.7502633929640568,-0.8884646635927881,0.32134419437506,0.48138376514228776,1.3598948019902783,-0.2532670191942115,-0.11430036238507797,0.47495788239130676,1.5909441278113974,-0.10039816088082712,-0.26105933067766485,0.4217744522120459,1.546649751288337,-0.06935513893190788,-0.27909104000771595,0.3140901019631952,1.363263179187167,-0.10827381625830626,-0.22127951726232314,,,,,,,,,,,,,,,,,,,,,,,,,,,,,,,,,,,,,,,,,,,-0.26116871277657455,-0.05075848710946644,-0.15086121173764996,-0.07948064668013542,-0.09197029360143406,-0.139270784484737,-0.06792080169556251,-0.19751745540205332,-0.06409470026545208,-0.24474960501353502,-0.11440339722074726,-0.23598619831829773,-0.017898597121981295,-0.21320096584512563,0.035834881119452405,-0.19856410468479532,0.07523984536365429,-0.18965694690276147,-0.13083227832661715,-0.2232609453131953,-0.022023019924390052,-0.18662403699372568,0.03074985772800374,-0.16949868800320572,0.07109205309204228,-0.16958437605695098,-0.14297257332172458,-0.18925923315835796,-0.035272354914772854,-0.15500752538543894,0.004519215363161867,-0.1356099282828508,0.03056145941455035,-0.1288666823698503,-0.1507944933456345,-0.14387038649427858,-0.06578970806260163,-0.11885365822416126,-0.04401022830106586,-0.10358466734748123,-0.0331050530301452,-0.09748263927774284
-0.21448502232621058,-0.518643219464879,-0.14472746400597086,-0.5855041729800817,-0.10800825541411613,-0.5856115586721676,-0.06915854638122007,-0.5844592691432058,-0.22991622384053761,-0.5754979295375088,-0.2531843481766282,-0.5694144688616358,-0.27706401638361167,-0.563197766381364,0.05090730008243771,-0.5153554599356848,-0.23965317479303075,-0.5072425465223229,-0.10674397074686216,-0.43348643766336803,-0.23080469459678946,-0.42785297417337886,0.4999928239336755,-0.0026788084717923955,-0.4999928239336755,0.0026788084717923955,0.737034747450874,0.750522707276288,-0.8873752565405923,0.32273599389212376,0.47901336166157765,1.3581553190179687,-0.2542827648030547,-0.10453215679383898,0.4694408382979726,1.5888422566687084,-0.10056572833337356,-0.2447786629065734,0.41727760816952975,1.544484691554943,-0.06966745805142723,-0.26254289240462825,0.3046852585033127,1.3581613689161145,-0.10933664019267554,-0.21009322840802602,,,,,,,,,,,,,,,,,,,,,,,,,,,,,,,,,,,,,,,,,,,-0.26221929487643114,-0.04102680809417854,-0.1508027141057889,-0.07337640572771623,-0.09272462820098559,-0.1345280559583178,-0.06382397666866645,-0.19153847888560188,-0.05633521108066759,-0.23650549921494787,-0.11455395711735805,-0.23113520629429593,-0.0034340374236452496,-0.19420252272501493,0.015900716823990274,-0.15584105487699493,0.021949174517734572,-0.1419023056171305,-0.13196131464741448,-0.21359230223673736,-0.011299193103422008,-0.16469075945738473,0.0008802601801969849,-0.1289534349300551,-0.000426517819270704,-0.12210466213875319,-0.14505992031359558,-0.17796250744668754,-0.029305274482110226,-0.1345168204331901,-0.03490964084292255,-0.09942453028434547,-0.05469655295435096,-0.08602162914595589,-0.15369089226698013,-0.13357238811909067,-0.05782953592265147,-0.10951064678696092,-0.05250951477468629,-0.08746359355994082,-0.06334488235360587,-0.07718517672340901
-0.21413916238110955,-0.5176732675710305,-0.14482068180637875,-0.5851157665343204,-0.10816673235589962,-0.5854386536978643,-0.0692834951393045,-0.5843931177355559,-0.22949298635143622,-0.574527584507881,-0.252263794544648,-0.5684207023663863,-0.27550606114413895,-0.5622066705871008,0.05055251594083786,-0.5144999843047272,-0.2372651464542196,-0.5065397729919957,-0.10665527525047298,-0.4336452271903805,-0.2309053480200336,-0.42778860057875945,0.4999953391920193,-0.0021588854202118763,-0.4999953391920193,0.0021588854202118763,0.7353511725870691,0.76017813918198,-0.8879390525331389,0.3309676125709814,0.476584941147458,1.3637168117279914,-0.2539246139304044,-0.10133062142110494,0.4686539982257203,1.6227370381479225,-0.10156516406785292,-0.24530176480732202,0.4167494192547331,1.5772871821224528,-0.07103427707329998,-0.2637111512673993,0.36101880717702217,1.4712611053658389,-0.11057234959306453,-0.2091913300967237,,,,,,,,,,,,,,,,,,,,,,,,,,,,,,,,,,,,,,,,,,,-0.26407434539200475,-0.02876636977141783,-0.16367225828174142,-0.06375820541098602,-0.10334643690548817,-0.13029108305319204,-0.07616566603584748,-0.18792162360770245,-0.07250273049859317,-0.23268342075103685,-0.11117267521472698,-0.21769275494906132,0.0004615704363488867,-0.18183638713129163,0.021227457890227928,-0.1444214595149725,0.02079209956325805,-0.13787648637118172,-0.13027853432044403,-0.19968600662454802,-0.008087388584163017,-0.15076852943513908,0.0012062963752487966,-0.11238832021609176,-0.013340022036183799,-0.11004426008627509,-0.14765180535683747,-0.165034317150584,-0.03021342922540715,-0.12207788353526063,-0.03376590714947586,-0.08425528390777662,-0.05931109992387325,-0.0755235232904432,-0.16109822194947188,-0.12100775349501636,-0.06948916491385586,-0.09751681344084057,-0.06881059848285358,-0.06762371848492256,-0.08988642884873133,-0.05486960361243006
-0.21474718899198272,-0.5189846849172106,-0.1445701225332872,-0.5865295861881147,-0.10782535263449898,-0.5867576505746368,-0.06890951049846199,-0.585697762706421,-0.23012081503701637,-0.5760846689530092,-0.2529813560295032,-0.5699296644117656,-0.2761811158177162,-0.5636556634997625,0.05061867475478487,-0.5156787585370596,-0.23704562681352398,-0.507481678428925,-0.10675150751360639,-0.4375976423318398,-0.2313463193777161,-0.43054743111504573,0.49999069861149126,-0.0030498035990725774,-0.49999069861149126,0.0030498035990725774,0.7353096909630789,0.7693845607306273,-0.9032708380074715,0.3446282383628098,0.46356960747452103,1.3653100399204472,-0.2725412225977431,-0.0986864097767888,0.4611950039598366,1.6481173614464502,-0.1203934989469046,-0.23169046637863996,0.4068512176046889,1.6033491137627696,-0.0857534683628499,-0.2459269360535257,0.37034652684086106,1.5232698801421303,-0.12907433455503126,-0.200742560795194,,,,,,,,,,,,,,,,,,,,,,,,,,,,,,,,,,,,,,,,,,,-0.2741365941343767,-0.012036547652464896,-0.19021264101350308,-0.03778393772179319,-0.1017408538026534,-0.09679606537430639,-0.03491827633007185,-0.13664502899084563,0.02088612932323751,-0.16900499126649035,-0.09340650339499697,-0.19336974998560333,0.04030829392434701,-0.12846399252882917,0.016279660383098825,-0.10133735250555263,-0.02631240699663165,-0.1249197856287534,-0.11299673058503887,-0.17756258577237333,0.02751524878788202,-0.10309963551749579,-0.006434257511680718,-0.08218490821519124,-0.049512094840243215,-0.10566129499588928,-0.1326460962374534,-0.14679619641832656,-0.007106651756613188,-0.07904812359299397,-0.039865187124160935,-0.05812627377514818,-0.07761077837339378,-0.07646552823558536,-0.15080980587040982,-0.10552524775459168,-0.053090043758388036,-0.055342305478346676,-0.07653333602242987,-0.036422745862803,-0.11247441277868217,-0.04660420196748449
-0.21663742507763992,-0.5129894411781767,-0.14455682837812747,-0.58432325439579,-0.10789422243817161,-0.5858403222929518,-0.06686762972236382,-0.5858112156323638,-0.23335219442637287,-0.5709931225294974,-0.25658462782957103,-0.5646110020845849,-0.27958162068934683,-0.5584592195339546,0.05256741957306925,-0.5173961177228908,-0.23742676756719375,-0.5076896572973485,-0.10704804510048707,-0.4362274154316595,-0.23179315544332627,-0.42846060849403694,0.49999270634513693,-0.002700666892773028,-0.49999270634513693,0.002700666892773028,0.7318967545718883,0.7920694211492427,-0.9277373628570086,0.3726532223218939,0.45678591694884685,1.386613281772664,-0.2731322315177422,-0.06863113401250338,0.46026175530112945,1.6968086412537116,-0.12044961405474108,-0.16547675556468935,0.4065975536361285,1.6631248325188133,-0.084342550056377,-0.19139318241558298,0.38374875320630897,1.5857307250936028,-0.12795798259366198,-0.15294730840360687,,,,,,,,,,,,,,,,,,,,,,,,,,,,,,,,,,,,,,,,,,,-0.2626187619767879,-0.014038178335705493,-0.19848313372501522,-0.047866586085672604,-0.10924045939158648,-0.08223055639045755,-0.034534657511936365,-0.09430831130019406,0.019484861017130515,-0.09621468976625658,-0.058964129282424615,-0.15615134085380666,0.0553803447469246,-0.11618825520807326,0.05605777532149691,-0.10863935294922251,0.03364162204412015,-0.13033538588316465,-0.07112108305627939,-0.13329779711633577,0.05142773210738202,-0.06019688619369546,0.02519867816128472,-0.0453382593708992,-0.015860111551914153,-0.06909784673807867,-0.08832218517587281,-0.09667019103738318,0.01634522256171292,-0.021723055413895388,-0.014929273359482511,-0.013263294349386936,-0.05171736134730632,-0.03850128446953979,-0.11469123856598314,-0.05182264840350709,-0.03215610432966971,0.010178563273448783,-0.06000406355083767,0.01725370971354494,-0.09564355240405349,-0.003022061920301927
-0.21815063176336896,-0.49412477129693366,-0.14594100281253103,-0.5779379698271695,-0.10803448743119712,-0.5815457493154154,-0.06630590171279693,-0.5833760486484083,-0.23585503166730665,-0.5598057776426495,-0.2596565301060525,-0.5529205538225948,-0.2829855983178107,-0.54662717750094,0.05086598052409056,-0.5199183278005015,-0.23962334987919995,-0.5008509634622711,-0.10352217952415256,-0.42553275366498067,-0.23269119162675117,-0.4124435729464561,0.499999792460116,0.000455565408008125,-0.499999792460116,-0.000455565408008125,0.7204865604780823,0.8189980946356428,-0.9715484558888361,0.39245955187279913,0.5112620468094435,1.5011056736228099,-0.295981268997483,0.020455661883586,0.4944003854981711,1.7817313814090776,-0.12836900967887926,-0.03167858891035705,0.435549343778407,1.7530049252371929,-0.08774101487056297,-0.06399215619658931,0.42098431198620767,1.6699691589793189,-0.13390842094436936,-0.0396789719734865,,,,,,,,,,,,,,,,,,,,,,,,,,,,,,,,,,,,,,,,,,,-0.2736445697935912,0.057084039281834725,-0.21172506396698973,-0.00017611176925833944,-0.11165762466949236,-0.03511815079993068,-0.03192621468860721,-0.0413582773527225,0.031255281953971426,-0.03536387480072145,-0.07534616233768406,-0.07271112407862006,0.04618358912350799,-0.04595383287685739,0.050980230702028326,-0.01835150659644072,0.02556990029782466,-0.00693208648726163,-0.08346538855072867,-0.042051098469438074,0.048230475791310096,0.010228835654413055,0.03808517481473596,0.02851761947728744,0.006447205000304022,0.023178433083937015,-0.09716191804807693,0.001598210717760073,0.01991422942915668,0.06517800414900365,0.0015295673162541228,0.07498500403336761,-0.028667644601017905,0.0604205463626655,-0.116295091062921,0.05247283894690183,-0.030345084085388083,0.10835710783001572,-0.050431298785542165,0.11285506269963091,-0.07994042608845031,0.09503705850443979
-0.1867756637374997,-0.4904143469442068,-0.11352959682136696,-0.5728301909563429,-0.07304357213229873,-0.5763196247530553,-0.031204708422618722,-0.5775344497663067,-0.2185859885448368,-0.5579165596904048,-0.24804131015214023,-0.5512395124222902,-0.27580066160965283,-0.544818879517668,0.06428101179512843,-0.5131441259918974,-0.23880349595828662,-0.4961375816346452,-0.07779165631680175,-0.42085895132328527,-0.22482600343045636,-0.4116324886198861,0.49995495136920054,0.00671167649848819,-0.49995495136920054,-0.00671167649848819,0.71698912650853,0.8252721075487913,-1.0098165208856735,0.4283383621698488,0.5547309219531007,1.4970194018595484,-0.3059359949710769,0.10791035758936376,0.542425618921008,1.7660195507811758,-0.12159389680583806,0.09456531550754761,0.48166755655738297,1.735309314719649,-0.08103818258676487,0.04965522702606129,0.46300829266586885,1.6511203391605824,-0.13133333192597482,0.060971800870599,,,,,,,,,,,,,,,,,,,,,,,,,,,,,,,,,,,,,,,,,,,,,,,,,,,,,,,,,,,,,,,,,,,,,,,,,,,,,,,,,,,,
-0.15416725582092497,-0.495319363568667,-0.08239630489708458,-0.5700241696681317,-0.041695767334170936,-0.5695994733870657,-0.0012572642265340224,-0.5682528597069292,-0.1952470274028552,-0.5613692288856323,-0.22943808498143275,-0.5539511480073299,-0.261402136066612,-0.5460440077399576,0.0780756001495572,-0.5019413179052544,-0.23623616083714058,-0.4883761664449685,-0.05296553992270083,-0.4173409882251934,-0.2146825381965878,-0.4075530705971328,0.49977480843773286,0.015004694299698218,-0.49977480843773286,-0.015004694299698218,0.71395131944036,0.8385174162968579,-1.0423345096607015,0.4531910246009491,0.5658241010017905,1.488849418978228,-0.3252926513274021,0.30362820099920773,0.5479735406919147,1.7507578686152545,-0.12078148883058586,0.31095514257107104,0.48725586175749036,1.7189927059772772,-0.08001064584825097,0.24514096507562785,0.4688113566823207,1.6271975974588064,-0.13032913661386267,0.2468401797645726,,,,,,,,,,,,,,,,,,,,,,,,,,,,,,,,,,,,,,,,,,,-0.33359985950080884,0.3348299179642267,-0.25465840014302304,0.2672855971228225,-0.13663392902780638,0.24245375162088564,-0.04892791829980847,0.2557754115012819,0.015403974670484634,0.27906998819892864,-0.10616526419054105,0.22138861561649492,0.0033479555278976415,0.26504770832417773,0.016271695325663287,0.28904519602781,0.0123888601760792,0.284828016368351,-0.11636141145357103,0.267526439720514,-0.0033349253992472692,0.3187427206689591,-0.007650188994151413,0.34260489549814516,-0.025044837989491038,0.3341986010717048,-0.1345225470276518,0.32428338910990595,-0.025029087284529048,0.381551234092974,-0.047732869357874304,0.3990695977163787,-0.07597101959018164,0.38347611342755594,-0.15975796854718288,0.38455288889404826,-0.07227805202950298,0.43250333276273845,-0.0986579054527495,0.44127217977975836,-0.13305687233682528,0.4264620782804542
-0.08167337281823546,-0.5383509795296567,-0.028319119248914545,-0.5837450817447382,0.005816102829017587,-0.5750280560157219,0.04038807682035572,-0.5659629501391585,-0.1287676779038641,-0.5866241670490664,-0.163883644485435,-0.578032742268396,-0.19874458411374796,-0.567542907140553,0.09966560434903796,-0.4843730331005548,-0.20801805125345862,-0.48543097420035286,0.006450088568286553,-0.43979631070048303,-0.16268563676882164,-0.433868446673242,0.499462463976317,0.02317859095601573,-0.499462463976317,-0.02317859095601573,0.704837401142356,0.830734547959304,-1.0268361570785984,0.467558779899254,0.6092624513784498,1.4471684240279905,-0.3888023952185962,0.48053142447114067,0.5984533978935155,1.6973858207057453,-0.17598647119411004,0.5210638102437762,0.5278235197544965,1.6597803682177603,-0.13354371307922136,0.434542143454319,0.5116390795034831,1.582816891869524,-0.17936761255940614,0.41694618778380116,,,,,,,,,,,,,,,,,,,,,,,,,,,,,,,,,,,,,,,,,,,,,,,,,,,,,,,,,,,,,,,,,,,,,,,,,,,,,,,,,,,,
-0.0557090631060619,-0.5567522659486882,-0.0001787829946570452,-0.5885796671537367,0.034253761028518334,-0.5765090288730875,0.06927938390066117,-0.5638881444699415,-0.09799006646359222,-0.5968563194809278,-0.13110573912356896,-0.588724345093461,-0.16407243714398734,-0.5786307258239499,0.12122554499112685,-0.47593302046875174,-0.18966841514284818,-0.4886155356601423,0.03300650962981815,-0.44924212250749446,-0.14132564108663995,-0.4537390216994277,0.499424018364542,0.023992704737349428,-0.499424018364542,-0.023992704737349428,0.6913026827563947,0.8055119183263376,-1.007253422211459,0.45741102165916,0.5787578812846635,1.3391265899405855,-0.4081228393675929,0.5949016567361137,0.6085949705634625,1.5524418926200776,-0.20584851113508296,0.6542859423267834,0.5322239507226516,1.5192729811637198,-0.14673068807005868,0.5812107598024217,0.5174614299959759,1.4499760747840478,-0.1895000382181017,0.548738182262918,,,,,,,,,,,,,,,,,,,,,,,,,,,,,,,,,,,,,,,,,,,,,,,,,,,,,,,,,,,,,,,,,,,,,,,,,,,,,,,,,,,,
-0.06218962387430023,-0.5492276286204474,-0.00023084723136537167,-0.5850425686515471,0.03624202555489916,-0.5739836104895906,0.07330150171027563,-0.561453458996057,-0.09870063577725167,-0.5906802955195927,-0.13017622852343472,-0.5830763586186115,-0.1617133849302906,-0.5738169992964514,0.13397252229566395,-0.47484889481765913,-0.182106858909055,-0.48927716020499185,0.030562596400095593,-0.4463474933267463,-0.139046410492274,-0.4517600806340033,0.4992192295112371,0.02793136026416841,-0.4992192295112371,-0.02793136026416841,0.6822789394834711,0.7914612998711616,-0.9881529067198384,0.4507247157898261,0.5682252967084908,1.2808863316341041,-0.4619109253125624,0.7241833701583896,0.6215140887528773,1.4975970156655563,-0.2711760150379253,0.817726350250045,0.5456846828387362,1.4651513168752017,-0.20365097288225967,0.7351091053504658,0.5304764131289882,1.3956734595666827,-0.2420944106871023,0.7018759459743991,,,,,,,,,,,,,,,,,,,,,,,,,,,,,,,,,,,,,,,,,,,,,,,,,,,,,,,,,,,,,,,,,,,,,,,,,,,,,,,,,,,,
-0.04474857233216529,-0.5785723073015215,0.010755604909285421,-0.5942052986449264,0.046064347926169445,-0.5817653494119419,0.08209455829091772,-0.5675876233438267,-0.08530847247611606,-0.6008328888263906,-0.11624159373654339,-0.5923006094333404,-0.14719764216834222,-0.5814597822371922,0.13697642659514175,-0.475445697807167,-0.175484762342838,-0.4898017035047705,0.04750689729128665,-0.4756087568775094,-0.1233552463732604,-0.4438016415689172,0.4988188251394711,0.034347921137642706,-0.4988188251394711,-0.034347921137642706,0.6664283931141541,0.7820367602128178,-0.9564043206700009,0.43275305695151745,0.4949793909286187,1.2077245877411031,-0.5074742497737115,0.8372389666985575,0.5532456179917665,1.4430436800697168,-0.36345783291037687,0.9573417658254909,0.48342833519410217,1.4038023812775862,-0.2755160752585017,0.8946985683487468,0.48974788566272753,1.334645555147666,-0.29678587544910195,0.8543019199404441,,,,,,,,,,,,,,,,,,,,,,,,,,,,,,,,,,,,,,,,,,,,,,,,,,,,,,,,,,,,,,,,,,,,,,,,,,,,,,,,,,,,
-0.05731250774705186,-0.5954600162811363,-0.001014061626442217,-0.6047190044592101,0.03412887422682717,-0.592106571216995,0.06996471559885792,-0.5777200312885868,-0.0943213500854501,-0.6105094239431428,-0.12349389430130991,-0.6016174122229985,-0.1529812625070037,-0.5904666163340302,0.12950533333581732,-0.4822369125865177,-0.1780486851768293,-0.4965473716417003,0.03415165712320085,-0.49280429450200647,-0.1305243270138488,-0.4846635456078154,0.4989658906426415,0.03214093923947339,-0.4989658906426415,-0.03214093923947339,0.6598076660545026,0.7688428215560749,-0.9510536809789356,0.42035054747432465,0.46697144924521333,1.194885911155051,-0.5437183721730752,0.9171776778100437,0.49161592462649306,1.428443436902891,-0.4479638315351577,1.0840449565583634,0.4354993598406207,1.3901747894901542,-0.34508098082541994,1.0424578975576129,0.4446953768567902,1.3196422515647763,-0.3596114412011719,0.9867824809216353,,,,,,,,,,,,,,,,,,,,,,,,,,,,,,,,,,,,,,,,,,,,,,,,,,,,,,,,,,,,,,,,,,,,,,,,,,,,,,,,,,,,
-0.055921406059652096,-0.6203713698607318,0.0006622999852847788,-0.6195604659597135,0.03560884488784212,-0.6064746060676672,0.07133995761678044,-0.5916675838681834,-0.09146300046568857,-0.6247335872583075,-0.11991838434872115,-0.6150745545798156,-0.1489869455748148,-0.6031007996156873,0.13285405572367176,-0.4904118103690454,-0.17448147012081916,-0.505299647237994,0.03359792237533902,-0.5183593612075664,-0.12846844960999207,-0.5188521722311656,0.4992230179347831,0.027863566966332038,-0.4992230179347831,-0.027863566966332038,0.6648264103123858,0.7567436842965485,-0.9046969627108671,0.42562804581168845,0.4703144380622026,1.1717746134234082,-0.5687229364499445,0.9908338010784142,0.4998277018145435,1.4023026731114818,-0.5207396859895919,1.1751392925715425,0.4558114057880155,1.3772208421442111,-0.40785072005105855,1.1322374149909211,0.4631855066864777,1.3055692251315416,-0.4127863096054805,1.0649577765202176,,,,,,,,,,,,,,,,,,,,,,,,,,,,,,,,,,,,,,,,,,,,,,,,,,,,,,,,,,,,,,,,,,,,,,,,,,,,,,,,,,,,
-0.04937156891778589,-0.6214267368129427,0.004181901916583084,-0.624006172085794,0.03844093095622149,-0.6117179982681593,0.07378429164216667,-0.5976966605095506,-0.08822387341641756,-0.6275956619072461,-0.11770060983026605,-0.6177540097835327,-0.1474978205761607,-0.6059445528104483,0.13375953365024243,-0.4973700843915946,-0.17527523883652354,-0.5110169338673104,0.0377693342825045,-0.5200957734952731,-0.10658918660531659,-0.5064617151310122,0.49958456139281027,0.020378076895364056,-0.49958456139281027,-0.020378076895364056,0.668159505769813,0.7359918779560721,-0.8430841288433372,0.46919753476747594,0.4814608229078741,1.150975426623901,-0.5787948488463853,1.0433021300004464,0.515170973956962,1.3832941783908002,-0.5689025705166908,1.233731384843845,0.47795263896319484,1.3601035133890353,-0.45347412433385537,1.1933722620868905,0.4748834054373545,1.2931593952420524,-0.44420411457974224,1.1071682761395059,,,,,,,,,,,,,,,,,,,,,,,,,,,,,,,,,,,,,,,,,,,,,,,,,,,,,,,,,,,,,,,,,,,,,,,,,,,,,,,,,,,,
-0.04620102841818863,-0.6038251146431418,0.006748328664981167,-0.6179088793610625,0.040921049020209245,-0.6064253589834259,0.07641108000046981,-0.5932380938414924,-0.08397155138611269,-0.6234308156939115,-0.11270612716393065,-0.6151963057210558,-0.14197842687848733,-0.6049556597555833,0.137858660337007,-0.49892380177702345,-0.17353203483609955,-0.513929903693534,0.04087044118590151,-0.5008775404523577,-0.10782309904199776,-0.5077916631452415,0.49981480732633343,0.013607291330024644,-0.49981480732633343,-0.013607291330024644,0.6672420994796531,0.7182968964034131,-0.771828683103256,0.5647061377675343,0.4850466124621703,1.136680904223612,-0.5797923896846575,1.0709449692126958,0.5155353838664019,1.3518922893391445,-0.5368925806219037,1.2754729526014397,0.47772203888483283,1.3328810733693002,-0.46875352694788613,1.2251486728591354,0.40346000235946666,1.1895940949140258,-0.4560151708771477,1.1209472675972705,,,,,,,,,,,,,,,,,,,,,,,,,,,,,,,,,,,,,,,,,,,,,,,,,,,,,,,,,,,,,,,,,,,,,,,,,,,,,,,,,,,,
-0.04626667764733582,-0.6062632487673661,0.006240920353335005,-0.623212677164548,0.039994177268642295,-0.6121241759711691,0.07538133274075472,-0.5992028439700646,-0.08519580369405026,-0.6279744379555006,-0.1143463892821288,-0.6195415696378852,-0.14407067344783048,-0.6090280189557413,0.13888791868155825,-0.5049325559823339,-0.17931366876454016,-0.5192423449556434,0.03964213353699445,-0.5050936172414964,-0.11346408906918848,-0.5097799177339957,0.49993004835782545,0.008363417300498827,-0.49993004835782545,-0.008363417300498827,0.6661514022882249,0.7039002992207226,-0.7468662851987973,0.5993147668349625,0.49858021353754556,1.128398186333153,-0.5721005156659681,1.0698214645690312,0.520458128984436,1.3405420926593352,-0.5266607088709087,1.2679424625090556,0.4816327882341427,1.3225760941693439,-0.45913766951661783,1.2021388287772583,0.4372693939585385,1.1918141322804596,-0.44535031243952683,1.1009382744911762,,,,,,,,,,,,,,,,,,,,,,,,,,,,,,,,,,,,,,,,,,,,,,,,,,,,,,,,,,,,,,,,,,,,,,,,,,,,,,,,,,,,
-0.05218375128075477,-0.5935879045322379,0.00626106656201173,-0.6226509790909255,0.04056707171489406,-0.6121128177866177,0.07522781894281065,-0.5995636608556819,-0.09079946073508255,-0.6269033592199713,-0.12064329239417096,-0.6185420186114975,-0.1509268694193205,-0.6082321866318754,0.14143339980994563,-0.5063887575644915,-0.18439407557704793,-0.5206494014629968,0.036392673679928954,-0.4918756002184866,-0.12099516357978728,-0.5041917782320925,0.4999372137306634,0.00792352997223783,-0.4999372137306634,-0.00792352997223783,0.6659854633834354,0.691982833712919,-0.7504587008488469,0.5738577170074391,0.5130454451704235,1.1241634061577654,-0.6146978352702351,1.0819595842161276,0.5328418503837534,1.3333186845273153,-0.6295398654811932,1.2965970131611542,0.4951559346370014,1.3163704512591405,-0.5156425391127881,1.253134743084226,0.46726961268647205,1.1898598410276924,-0.496709273044026,1.1430528599575842,,,,,,,,,,,,,,,,,,,,,,,,,,,,,,,,,,,,,,,,,,,,,,,,,,,,,,,,,,,,,,,,,,,,,,,,,,,,,,,,,,,,
-0.05604756236156481,-0.5884442659558721,0.0056402679592832084,-0.6211170489034467,0.03954823584802933,-0.6108400305189615,0.07413491245407136,-0.5985760162033863,-0.09436176817196104,-0.6254561151382121,-0.12459670581792391,-0.6171674972972286,-0.15446026394225382,-0.6070646820653939,0.14171786985288917,-0.5062080797429186,-0.1864715680847817,-0.5201693652694799,0.03554690086423621,-0.48620914579902147,-0.1258864521478847,-0.503584263758008,0.499925498134605,0.008631124774155221,-0.499925498134605,-0.008631124774155221,0.6700032104911595,0.6856370772638716,-0.760774602057359,0.5541754687453847,0.5187475541592175,1.126445279431725,-0.6339623542621695,1.028375115997817,0.5355934141615047,1.3340494909582379,-0.6383574801389632,1.2156063296884132,0.49762155921623463,1.3161823216646553,-0.5381365117531608,1.1730529411925223,0.47650355495719343,1.1927514753619872,-0.5251307372298123,1.0885567023956595,,,,,,,,,,,,,,,,,,,,,,,,,,,,,,,,,,,,,,,,,,,,,,,,,,,,,,,,,,,,,,,,,,,,,,,,,,,,,,,,,,,,
-0.05673082542596452,-0.5794888122603645,0.005162355112440856,-0.6113251454008499,0.03945829682625895,-0.6017335732872122,0.07458670988640556,-0.5905639359417224,-0.09471768220371492,-0.6156880463575779,-0.12481677908725684,-0.6082996127915902,-0.15467289448459973,-0.599269019959266,0.14271879372681398,-0.50291603229466,-0.18631293964447712,-0.5160749006068917,0.035411484613813576,-0.4816716764955091,-0.12600395833731798,-0.5015674913054383,0.4998888097059754,0.010544094590963022,-0.4998888097059754,-0.010544094590963022,0.675975777738265,0.671603456711039,-0.7647148447673232,0.4829763406115145,0.5317397893348097,1.132295853809781,-0.6404759134597134,1.0164503930913165,0.5508564610380399,1.3402289193081218,-0.652769637490069,1.1906805118784796,0.514546189033429,1.3221128406080802,-0.5523505280332925,1.1586385019828036,0.4968424653130574,1.1999203179044207,-0.5368005892021815,1.0815033344195981,,,,,,,,,,,,,,,,,,,,,,,,,,,,,,,,,,,,,,,,,,,,,,,,,,,,,,,,,,,,,,,,,,,,,,,,,,,,,,,,,,,,
-0.05774642891099721,-0.5785200150250696,0.004720830271766975,-0.6106499187797643,0.039976577067835,-0.6004877818212525,0.07627458468605718,-0.5887295616364098,-0.09542902385383083,-0.6158687382912476,-0.12545442752398964,-0.6081878108779889,-0.15523176034229458,-0.5990336144117105,0.14481090571425276,-0.5016778610143656,-0.18655582525558453,-0.5162146500993219,0.03446803885888237,-0.47947492480421877,-0.1265102160674264,-0.49965433937250764,0.4998773902028226,0.011072251984803343,-0.4998773902028226,-0.011072251984803343,0.678640339888701,0.6683421428631221,-0.7723153631587282,0.444345248855104,0.5507423737655299,1.1275415185982705,-0.6406461689579922,1.010736409183523,0.5798455125115785,1.3390351656974737,-0.6467008889137305,1.1723548509938637,0.5417751228919766,1.3209210458733367,-0.5523997075076681,1.1434168005501344,0.5256753809721639,1.2055075381571991,-0.5389671186724054,1.0691576271359995,,,,,,,,,,,,,,,,,,,,,,,,,,,,,,,,,,,,,,,,,,,,,,,,,,,,,,,,,,,,,,,,,,,,,,,,,,,,,,,,,,,,
-0.05886325246190049,-0.587158231944821,0.0036692678846314275,-0.613720383581384,0.039076205266249345,-0.6030370357438158,0.07551103469958907,-0.5907151641237998,-0.09549802630530108,-0.6198581886902281,-0.12517624959865967,-0.6124544863176862,-0.15445326947183038,-0.6032072451523804,0.14432508976219732,-0.5013063966249001,-0.18254664848544228,-0.5166931643991365,0.03330874177604022,-0.4862725050684198,-0.1272671523038704,-0.5050918188153761,0.49987557965290375,0.011153692961235188,-0.49987557965290375,-0.011153692961235188,0.6807386323536303,0.6686387716447855,-0.7818358220406719,0.4101798850395663,0.5518961822704935,1.1282287139705833,-0.6526653479410295,0.9996367891000526,0.5870425784390014,1.3389939101759358,-0.6587096912451708,1.1624020556901287,0.5485617305027095,1.3240179862223722,-0.5640523516821716,1.138972627311199,0.5304699539923615,1.2243738052084436,-0.5510107052259378,1.069392473410042,,,,,,,,,,,,,,,,,,,,,,,,,,,,,,,,,,,,,,,,,,,,,,,,,,,,,,,,,,,,,,,,,,,,,,,,,,,,,,,,,,,,
