pose_0_x,pose_0_y,pose_1_x,pose_1_y,pose_2_x,pose_2_y,pose_3_x,pose_3_y,pose_4_x,pose_4_y,pose_5_x,pose_5_y,pose_6_x,pose_6_y,pose_7_x,pose_7_y,pose_8_x,pose_8_y,pose_9_x,pose_9_y,pose_10_x,pose_10_y,pose_11_x,pose_11_y,pose_12_x,pose_12_y,pose_13_x,pose_13_y,pose_15_x,pose_15_y,pose_17_x,pose_17_y,pose_19_x,pose_19_y,pose_21_x,pose_21_y,pose_14_x,pose_14_y,pose_16_x,pose_16_y,pose_18_x,pose_18_y,pose_20_x,pose_20_y,pose_22_x,pose_22_y,left_hand_0_x,left_hand_0_y,left_hand_1_x,left_hand_1_y,left_hand_2_x,left_hand_2_y,left_hand_3_x,left_hand_3_y,left_hand_4_x,left_hand_4_y,left_hand_5_x,left_hand_5_y,left_hand_6_x,left_hand_6_y,left_hand_7_x,left_hand_7_y,left_hand_8_x,left_hand_8_y,left_hand_9_x,left_hand_9_y,left_hand_10_x,left_hand_10_y,left_hand_11_x,left_hand_11_y,left_hand_12_x,left_hand_12_y,left_hand_13_x,left_hand_13_y,left_hand_14_x,left_hand_14_y,left_hand_15_x,left_hand_15_y,left_hand_16_x,left_hand_16_y,left_hand_17_x,left_hand_17_y,left_hand_18_x,left_hand_18_y,left_hand_19_x,left_hand_19_y,left_hand_20_x,left_hand_20_y,right_hand_0_x,right_hand_0_y,right_hand_1_x,right_hand_1_y,right_hand_2_x,right_hand_2_y,right_hand_3_x,right_hand_3_y,right_hand_4_x,right_hand_4_y,right_hand_5_x,right_hand_5_y,right_hand_6_x,right_hand_6_y,right_hand_7_x,right_hand_7_y,right_hand_8_x,right_hand_8_y,right_hand_9_x,right_hand_9_y,right_hand_10_x,right_hand_10_y,right_hand_11_x,right_hand_11_y,right_hand_12_x,right_hand_12_y,right_hand_13_x,right_hand_13_y,right_hand_14_x,right_hand_14_y,right_hand_15_x,right_hand_15_y,right_hand_16_x,right_hand_16_y,right_hand_17_x,right_hand_17_y,right_hand_18_x,right_hand_18_y,right_hand_19_x,right_hand_19_y,right_hand_20_x,right_hand_20_y
0.5045554476795394,0.12252590794960677,0.5266992957222171,0.12053580397233371,0.5382645211931314,0.1250770436214219,0.5506744975071493,0.13009019626240698,0.4969311545658665,0.11544486518830283,0.48830321260113746,0.11608896605115382,0.4790874176209024,0.11676689082191966,0.5740950085159935,0.16131048090913497,0.4663778455419372,0.1410721371605155,0.5244832325631785,0.15520241766429893,0.48235807722660107,0.14586110007408318,0.6798787014180291,0.33564154877571656,0.3194344808449939,0.28774859545187215,0.7267901357837102,0.5134293523319182,0.24785918584571834,0.4381048088656394,0.6877712242592187,0.6968447520565422,0.20956015901245556,0.641882921187227,0.6812645658650995,0.7652149194336385,0.19150094880649182,0.7001870007142973,0.6520985925444741,0.7475252519482616,0.22149291808747523,0.7056059584689378,0.6461589174287108,0.7258397234752716,0.23503225854886053,0.6893353533492375,0.19518908709034644,0.6427272252688019,0.22720319204932982,0.6591272348173611,0.24156381993026188,0.6830826929857866,0.24104842513092198,0.7048024473318674,0.23702422155436428,0.7169083693438558,0.21057673344060812,0.709921239258424,0.2179243782414641,0.7329611294130812,0.22694200054314595,0.7406510400588533,0.23449542654024677,0.7437749045597378,0.18813372511038456,0.706866738524346,0.1973439879346539,0.7303205380329538,0.2075659664547736,0.7284125250070097,0.21203785118421675,0.7214489697637965,0.17169781448115845,0.6986890001007446,0.17989021682423123,0.7197838566162555,0.18951468213321082,0.7181231089952437,0.1927184248300312,0.711678647758397,0.1594433574817914,0.6879362969259954,0.16703042346111407,0.7039650769885036,0.17558591841599075,0.7036891389975235,0.17887061021891965,0.698133115220565,0.6889036599596043,0.7090180802138929,0.6505029088243334,0.7130911113611547,0.6252434946598786,0.7313552482808527,0.6171361580877252,0.7541001419318616,0.6105924680083279,0.7708655829985835,0.6354913833859221,0.7614239454001348,0.6198283413061672,0.7835555542172894,0.6114973790329129,0.7926363205870012,0.6061763050347293,0.7962674934724512,0.6577856198435004,0.7690187316522523,0.6462371273228464,0.7899613988175666,0.6395278178102611,0.7927468072742898,0.6360821680007743,0.788564240643856,0.6814679274197092,0.7705213387385326,0.6742904494189432,0.7897094066918102,0.6713146140010597,0.7881929511518924,0.6704582184347007,0.7805075519561816,0.7047712801016817,0.768140284596551,0.7012558534587703,0.7841216740391496,0.6971965386573066,0.7835703324519243,0.694779041212161,0.7783797087245419
0.4434507533344959,0.12454120474797742,0.4624119551845261,0.11789231827501678,0.4746249277262891,0.11913034046202753,0.4869868998407202,0.12069128655333133,0.42998024477339825,0.12137185839080228,0.41984396209943914,0.12475461636133522,0.41020774580698804,0.12810909799020637,0.5122502167330325,0.14514788347670451,0.4021466439596841,0.15606527006421886,0.47316861398530413,0.14854736317769052,0.4247630923870015,0.15310855481588093,0.6605746904092299,0.28323719538782843,0.2989652796145426,0.3385787177267358,0.7543160308211035,0.4409316170909252,0.27614082455053773,0.5212799581649363,0.7673299599133472,0.6304799433910926,0.2923012239802699,0.7076161370360923,0.7796646892822612,0.6968923214290533,0.2904441787314774,0.7684394399001699,0.7468944296700156,0.6879277485775974,0.3208153341864326,0.7642512084158043,0.7351178841314002,0.6687526810559594,0.3294173299798445,0.7442609761584582,0.27591915220534097,0.7140905376003351,0.31106707248719356,0.7201187459848641,0.3330885865659823,0.7405348462030528,0.3382316813211128,0.7605017100160844,0.33715259744029513,0.7730770170130836,0.3127353166807893,0.773218404043897,0.32543326445267606,0.7912476995004218,0.3347983911375643,0.7976425385818312,0.3418688890557864,0.800645846622473,0.2909072114634081,0.7768823718023787,0.30543155475206296,0.7959433445593327,0.315208787323763,0.7934234618304148,0.3197386630531926,0.7871001814544761,0.27200659094803925,0.7743725475584167,0.2845897798559065,0.7902248961857855,0.293574572619801,0.7886852307138923,0.29702017308109907,0.7842376833103565,0.2552641763161362,0.7679994005096027,0.26581894470382417,0.7794695393659449,0.2740269554453091,0.7791043611947446,0.2778261732626395,0.7754532385907632,0.7674418150847722,0.6382728970081857,0.7339510780914198,0.6574015465291301,0.7170877982940986,0.6810899704154647,0.7160059014186271,0.7035617658477596,0.715683404839673,0.7205414248200279,0.7369938779940552,0.7040928651547299,0.729511581131207,0.7267324886339079,0.724139370319467,0.7378743360773519,0.7192339735785547,0.7441670283814457,0.7603558274128819,0.7046276441512825,0.7555291512428797,0.7269282338678205,0.7507031257529433,0.7329165476300835,0.746340957849488,0.7317800514686066,0.7829420671499916,0.6998722170668432,0.7818988471420396,0.7209641703517444,0.7793883819407805,0.722008631253189,0.7762669584018889,0.7154366060454022,0.8037121041940405,0.6914449524342757,0.8065496711784637,0.7081156127006496,0.8027245571140358,0.7107965131519661,0.797558203888221,0.7081452084982139
0.4443942142005188,0.12443717227897078,0.4651733204308414,0.11781394985373284,0.4778260064091726,0.11937025715088606,0.49025240381333635,0.12115811421947309,0.4311684544080934,0.12090886181012328,0.4208806827268722,0.12418308387563715,0.4112398046026995,0.1274484022271402,0.5133800337467941,0.14537560690132842,0.4025862747858122,0.15568987822855532,0.4740751804430502,0.1486275410091877,0.4248627209191792,0.1529484774497775,0.6597724041683182,0.28364119924978476,0.2972524303364535,0.34015478046494124,0.7547328984470199,0.44222294076461893,0.27661978180858504,0.5300773959531143,0.7660858969978652,0.63592273794508,0.29073726251463006,0.7091036757756739,0.7778790371353007,0.699753977551284,0.2884316768711631,0.7711117155740559,0.7454281193358941,0.6915364849342711,0.3177769798515606,0.7644809894872964,0.7339197892773535,0.6737242388758158,0.32702466467804037,0.7440263527726982,0.2743292335996359,0.7137431874943303,0.30739892687823367,0.7219412743243778,0.3276817394712996,0.7425065999750549,0.3302685619371355,0.7620074133242549,0.3262873953295168,0.7742856719502976,0.3071633230141719,0.776629603674245,0.31864076637030725,0.7927474441625154,0.32829740488003667,0.7995349300437202,0.33608453163102253,0.8021911147836944,0.28399865507400157,0.7802130696289882,0.2967265748348272,0.7931546563215284,0.304560211717539,0.7895378573158489,0.30930203993419125,0.7830048542853041,0.2636698220752398,0.7767966336970149,0.27416635752044716,0.7840404772032209,0.2801442939006078,0.7776621523614162,0.28267706036736884,0.7703954889776565,0.24541653486998097,0.7691603474751745,0.2536370701721657,0.7729560906489025,0.25910141814963905,0.7680198474324778,0.26124860392396226,0.7626372749989996,0.769638925849421,0.6430147255575853,0.7368228269856585,0.6569031880392879,0.717769127094404,0.6803682893664468,0.7173099323259974,0.7019819915397387,0.7175565405028528,0.7178427134644756,0.7378126686331841,0.7068260352222393,0.7316109956927453,0.729588264970789,0.7268559997072664,0.7399685038324463,0.7225727135224741,0.7445181532434765,0.7615693948454831,0.7063796470269215,0.7580403699652715,0.7287548488862663,0.7537369283277726,0.7341586802127437,0.749972337777209,0.7322286493420342,0.7839463160094065,0.7006642809071577,0.7831921318977082,0.7220017145560513,0.779859911383867,0.7254027675249773,0.7756793007262643,0.7214363472789673,0.8047298724103998,0.6913686221872224,0.807889590665333,0.7078392280029214,0.804810889129775,0.7113250212797162,0.8001882579708339,0.7098176321697123
0.5276004152138194,0.12965790589715614,0.5512559341795427,0.12750683669997603,0.5633058565203167,0.13337467592341068,0.5747104410548953,0.13898452379804477,0.5164856416216541,0.11816275960846367,0.5055010732552228,0.11785519386864324,0.49530588437368367,0.11794086156430961,0.5888796544035866,0.16706695730084115,0.4779810730904098,0.14104658525852143,0.5496185008858228,0.16317031219297903,0.4992342180821868,0.15132388952998785,0.6817583346455421,0.3436543487584444,0.320903373621486,0.28299985780610515,0.7213575169153112,0.52410769528805,0.23971793795599103,0.4591991324942056,0.6720135137644772,0.7116005723044563,0.1942180409639599,0.6298478989965909,0.6646415888613153,0.7756188253920335,0.1673808992842773,0.6867012355624108,0.6364634799313685,0.7581681819162116,0.193093184750114,0.6889080514998314,0.6301945327620305,0.7376372580073467,0.21276052295878845,0.6733621516943418,0.17287174621380852,0.6291035252493231,0.201866083230543,0.6497135969939012,0.2113283308286213,0.6765119611944201,0.2045793066734815,0.6959161367951409,0.1962302101126056,0.7064832255549512,0.17983917097752655,0.7011944918304296,0.1856223512086519,0.7172374129906116,0.191594975228368,0.7268194097024339,0.19720600815262873,0.7334769870397989,0.15674642582376064,0.696825713337654,0.16415114919508184,0.7106351012631218,0.1716065898918609,0.7078696473704937,0.17723302632501103,0.7018499174787062,0.1389973699971232,0.6870891235818837,0.14643747378535188,0.6953677226100933,0.15279163652754035,0.6900209925805133,0.1561005545098083,0.6828624597310752,0.12493599682168754,0.6740954543052221,0.13112777731321373,0.6796236662035062,0.13757249512468345,0.6753700180943907,0.14115496297945979,0.6695666902314611,0.6733359705824787,0.7185324927061356,0.6388177162260812,0.7229628857739232,0.6141301753851405,0.7398629304583959,0.6066918231483412,0.7603216856922381,0.6015355192714383,0.7764567730136529,0.6252828174823124,0.768647414301157,0.6126148417117621,0.787243781559698,0.604032683148699,0.7961933560332601,0.5970204072972956,0.8003166090357847,0.6473270376740954,0.7757807482600091,0.6374713024721181,0.7953207074551861,0.6312141842329103,0.8002524039937164,0.6268570025765748,0.7982443782788976,0.6702588669368866,0.7778065902702076,0.6635001839537783,0.7968588838109938,0.6596044101513855,0.8007711834430835,0.6566862195676482,0.7967805474650461,0.6936084848470507,0.7760982097651596,0.6913198768942652,0.792757144866451,0.6871632692148572,0.7967998383716481,0.6828655539040087,0.7953976467693635
0.5186221324563617,0.13264828788997474,0.5422843114969674,0.12708813494862287,0.554758687502453,0.13259259829732928,0.5664519344793837,0.13777489190328066,0.5061335517410264,0.11892464881322418,0.49488317286334643,0.11918109629239326,0.4845868531197156,0.12001114562043108,0.5819276413836927,0.16431609366050348,0.466778841703693,0.14278952917448984,0.5429988091778292,0.16602850533192956,0.48965763800872036,0.157695897601953,0.6804641403429967,0.33647176040146154,0.31709220278562156,0.29160156350615235,0.7267250080634177,0.5175505653196454,0.24270861943112243,0.47245662837108054,0.6855220988042081,0.7040052241439716,0.20351185415683232,0.642966626804404,0.6821273958925955,0.7683076353617007,0.17647542445910874,0.699299765464131,0.654092537262254,0.7524802835528779,0.20201497932977708,0.7001007491307789,0.64590419254803,0.7331563841111665,0.22228640061078053,0.684394058692724,0.17647133736161802,0.6402757583830524,0.2074177497227297,0.6596750570666305,0.2158091923511538,0.6879003076418021,0.20342431233694847,0.7080609556394195,0.1907803749145705,0.7171599557262917,0.18827837012203685,0.7126793570503407,0.190695985709828,0.731098054784121,0.19499541213538518,0.7406211238850082,0.19885802998848007,0.7469226953189483,0.1634026306917905,0.7106182991730057,0.16811187993560284,0.7176335637544532,0.17206908728164344,0.7066222403376942,0.17295531263465208,0.6964479243467394,0.14363204888055847,0.7014882831856648,0.14970308168936614,0.7036994041938598,0.1546884938113775,0.6936823558892999,0.1558523652566175,0.6847203855865881,0.12747307427214444,0.6893332384435729,0.13274714215290223,0.6897589191006146,0.1384887883544476,0.6818157982279371,0.14040036115116655,0.6749004579207545,0.6902544222575184,0.7106106036414883,0.6564844438896502,0.7147483460485424,0.6318157012338577,0.732048678036926,0.6245748202234433,0.7528880945611729,0.6218283170116113,0.7699158032968032,0.6438618091806876,0.7629547361137949,0.6324328647519675,0.7826235988749919,0.6247110207628176,0.7917394370743484,0.6188290950258087,0.795135340189459,0.6662418746986934,0.7693236511742185,0.6572232350756899,0.7907327540979563,0.6515607046481221,0.7955359911744113,0.6482552550685103,0.7919911051646062,0.6890113738609708,0.7699597876431875,0.6835670417821631,0.7904745795588017,0.6797424207239956,0.7941747649849241,0.6767853311940247,0.7891345032521471,0.7116424212575654,0.7664216397215877,0.7115037610150378,0.7831372001539425,0.7078682572548699,0.7878186889537415,0.7035418211553557,0.7865457260859248
0.44561777262855623,0.13938472945211555,0.46674786482155245,0.12455853813479911,0.48060837159256714,0.12608303546450284,0.49348781816693826,0.12755006933048374,0.42919920288342384,0.12697339564301635,0.4183476237634551,0.13032625873050963,0.4085293173950833,0.13419372640439187,0.5167240997865106,0.1468742394807984,0.39807592583185925,0.16008070246328057,0.4793072450494889,0.1653207373952681,0.4253553884824024,0.17285427105162604,0.6610402080589741,0.2832238674039076,0.2987522712398587,0.34416824603544854,0.7551200421652333,0.44330803238886646,0.2764520407126395,0.5264441189080689,0.7699047000436003,0.6337548200559822,0.28295160365463434,0.7128156861258983,0.7859068243068855,0.6953214609021408,0.2718587554107307,0.775662879731478,0.754756999595384,0.6886777114505827,0.300356306927522,0.7673443790700076,0.7410422915805401,0.6739062462120216,0.3168516347314677,0.74604275983549,0.25889922150742906,0.717459532224632,0.2942572345916683,0.7269812647505286,0.3088819105381559,0.7527496496826516,0.30168902819515203,0.7747840315266481,0.29160055811865376,0.7858038362172244,0.29073068301450333,0.780704843832279,0.30163618781276125,0.8045323035129157,0.3101510909517291,0.8142927672051121,0.3150963566958972,0.8194937504271897,0.2659629897701421,0.7853347585559998,0.2771706323951247,0.8055671641157495,0.28140550270608855,0.7973057032521091,0.2798919611077667,0.7869792209546396,0.24419167936060981,0.7824875490675237,0.25336105738171705,0.7931444729612585,0.2578326166252607,0.7820233758368661,0.2563642342050721,0.7713084391369249,0.22528898628231042,0.7760046467888144,0.2334919450660805,0.7827819810542609,0.2376789613276532,0.7742183874712222,0.2365587219543987,0.765917432112474,0.777829093618259,0.6358836817979557,0.7461433540260338,0.6494784988311919,0.7275618915081483,0.6739895586959903,0.7266010835408167,0.6974286145263615,0.729843563477721,0.7149959117897169,0.7475797476371304,0.7012640979746891,0.7427003102646527,0.7242737383095468,0.7387062710460992,0.7347311356209758,0.7350000073859768,0.7386133960668425,0.7713680203767769,0.7007128444405615,0.7687363887489829,0.7244031789159879,0.7642746081629486,0.7297351590122558,0.7601836304090827,0.7264474731517564,0.7937985554377318,0.6944755953815314,0.7938949159601528,0.7165512137471408,0.7905048285819192,0.7209520640882296,0.7859788984545131,0.7170873489161442,0.8145966595018406,0.68467808559285,0.8192126025044497,0.7015358468896619,0.8163575370242979,0.7068626487523979,0.8112119688681558,0.7068712030229446
0.4722755528392816,0.14022138977093085,0.4948414209326693,0.12635748759694249,0.5084947757962317,0.12923823809419,0.5209797916052411,0.1320704535358853,0.4555953551819563,0.12510307800670745,0.4438185752019394,0.1273566335583245,0.4334765439592759,0.13032896318867093,0.5415762545045836,0.15321077864961752,0.420222019979469,0.15430116013437306,0.5031684413996641,0.16969987834322192,0.4477558112907715,0.1717600013277932,0.6702581885466319,0.30159243341950226,0.3040498598924951,0.32609324811097606,0.7479960197708246,0.4661763913169862,0.26179817143039297,0.4836519325941226,0.745675390795296,0.6608455048295995,0.24640394618987999,0.6860440811911955,0.7566427366278994,0.7227984985302232,0.22840522812038638,0.7488393684002215,0.7273264387552462,0.7133240219023036,0.260934944749673,0.7412239186405754,0.7140907481257076,0.6976414274591854,0.2804816221865253,0.7210988750512533,0.22482264709781963,0.6819617051703843,0.2609211188842352,0.696306838139053,0.2721810437100321,0.724236300363823,0.2628061394595941,0.7466948994105681,0.254398312414286,0.7578968678069705,0.251853931376782,0.7457493068693266,0.2620866757835179,0.7716955016604348,0.2694283424104017,0.7873134025627393,0.2750666122737981,0.7985688591536751,0.2260743373552223,0.7496121038934318,0.2352979680037578,0.7750282251405942,0.24347276911806848,0.7853032041389166,0.24847070765611262,0.7898982646852202,0.20528655202961443,0.7473886783356529,0.21484241954946715,0.7697614649217536,0.2263406981503382,0.7771664154673947,0.2320454069182047,0.778754320272117,0.18853345685034245,0.7413089976324136,0.19818425955181623,0.7548857128949249,0.2081270954706596,0.7563990580938929,0.21267663435234152,0.7539651874222302,0.7536703918800536,0.6616587430769842,0.7210900410836845,0.6735142850718627,0.7009586500468069,0.6960331364777238,0.697157808095254,0.7192247342285958,0.6979400575478062,0.737399562920765,0.7180293569933405,0.7247662753232922,0.7110228610347142,0.7471819881427463,0.7058972572797323,0.7574476028951685,0.7014565142412162,0.76156113793951,0.741511210891763,0.726501139696266,0.7368619394382444,0.7497727139125798,0.7318625777138059,0.754412174937659,0.7277561717754777,0.7506313693560858,0.7643999606973729,0.7224320805545255,0.7626901732931485,0.7442159735672684,0.758901982887108,0.7480755452893568,0.754672005043344,0.7434048447214132,0.7862528192981338,0.714376178626766,0.7893575027473034,0.7315721999370055,0.7856244910260259,0.7363172528970549,0.780089215612059,0.7353249729674907
0.47713673279410024,0.147379098845885,0.5008612608801855,0.13224082457922146,0.514796402240301,0.13527232344646722,0.5271586125213514,0.13794712669979295,0.4600503415364702,0.12876806383246864,0.44815068483391335,0.13017087777217218,0.4376500261506802,0.13254219109615292,0.5470442097354126,0.15736621300483963,0.4233096962183205,0.15476463543332836,0.5080602571336041,0.1791868450026798,0.45192896647342357,0.17875433326262208,0.6716483909992986,0.3059410042289288,0.3067211941611989,0.32315731044981605,0.7470234665599372,0.470124278851549,0.25633117067709044,0.4530256196088712,0.7432310791065561,0.6651150120115805,0.23847868062089647,0.6629856264669456,0.7532006420286412,0.7266503491706204,0.21994837162199476,0.7271664388688156,0.7242628552240054,0.7171057756526094,0.25509390565667833,0.7173075090706347,0.711090036443579,0.7013335436516617,0.2746560626994614,0.695726978076352,,,,,,,,,,,,,,,,,,,,,,,,,,,,,,,,,,,,,,,,,,,0.7496499612479426,0.6661044838631154,0.7161574403403719,0.6773285458308947,0.6961421672372097,0.6992018442993181,0.6931882425582976,0.7224266503034729,0.6936947227872973,0.7401636972477251,0.7123570734375865,0.7276665449488446,0.7050064916759713,0.7512980398868149,0.700441423156559,0.7606928405054572,0.6970214651629167,0.7629501537054446,0.7363014783014397,0.7304372968875947,0.7307352373750975,0.7540832002585114,0.725433739141476,0.7575657912795795,0.7217910624925011,0.7526569280099218,0.7597524158221229,0.7275624310506662,0.7566092198716879,0.7505556237893294,0.7516396881092736,0.7536237997574837,0.7471225512284321,0.7483066749549295,0.7818754374726145,0.7206431226566306,0.7838104572964455,0.7390752685644004,0.7789429235276033,0.7434471446636903,0.7732219330291702,0.7420006857270833
0.47817534566157405,0.1490545786492947,0.5025339175462624,0.13425219775960306,0.5165030077334739,0.13744660323780866,0.5287791306391376,0.14020383754262292,0.4612630300210053,0.1301174013851463,0.449290794081745,0.13117987457547617,0.4387267994235923,0.13323399043464246,0.5488461071410589,0.15929606410222205,0.424192187610372,0.15527881153936982,0.5087113207505103,0.18104785515343097,0.4528540959242567,0.17989649518318176,0.6719421529264709,0.3069697947516258,0.30874512654320985,0.32243803001541366,0.7475533177463605,0.4688256912659952,0.2511130856522732,0.4444422852555073,0.7469184170482572,0.6659349096637598,0.2373610974078208,0.6319863205474523,0.755204263388731,0.7268592672008034,0.21939701902838693,0.6929886478074645,0.7252166641534293,0.7176924608403592,0.25527453253512755,0.6840722785683472,0.7125107903257851,0.7020845935490108,0.27480714232845327,0.663755836775219,,,,,,,,,,,,,,,,,,,,,,,,,,,,,,,,,,,,,,,,,,,0.747440440521953,0.6648548754686454,0.7132742880428113,0.6781625146843426,0.6944839143650586,0.7023859986106549,0.6929423322949492,0.7272670536796083,0.6953645360343929,0.7447551997627795,0.7112664727405051,0.7288120698575724,0.7051125578409085,0.7511102720297547,0.701012574118597,0.759794414891027,0.6979345057840909,0.7618175908491007,0.7358025671710475,0.7317266086744684,0.730280615449695,0.7542697847483956,0.724722778493275,0.7580832648821432,0.7203003644786545,0.7532070463474293,0.7597691676908611,0.7287067949522947,0.7537846434400552,0.7515526941137508,0.7477641687557786,0.7555324525281752,0.7419416192915587,0.7507113561613873,0.7820601817453162,0.7218161878699305,0.7828146467892976,0.7398156298893875,0.7773023786609633,0.7445979699053995,0.7705954786556813,0.7431336720762503
0.46159257910530327,0.15412932820148856,0.4831958280349617,0.13611704214514628,0.49723526191830286,0.13744042084973807,0.5095863976164019,0.1386054132551026,0.4411771643199575,0.13731529984801275,0.42885237586814007,0.1399009923297753,0.41842560174960225,0.143213671215019,0.5308457506138804,0.1550774970892021,0.40559831371915794,0.16556554902203713,0.49456139487210204,0.1813590108570884,0.4401924638205082,0.18783401258152052,0.6659756550356996,0.290613669796135,0.312296947193997,0.33643932281599576,0.7567312862412846,0.44401139062155365,0.2504044445456546,0.4532970075906252,0.7777181652391049,0.6402438455258505,0.2557712522632076,0.593198000517602,0.7899920370397893,0.6999250762032022,0.24335547777865862,0.6560541071962622,0.758879080539514,0.6938740506252026,0.2897668178216859,0.6503604978078028,0.7455216596948273,0.6793581024119493,0.3056325998560302,0.6327915682551248,,,,,,,,,,,,,,,,,,,,,,,,,,,,,,,,,,,,,,,,,,,0.7724967286602791,0.639089933506795,0.7408437792790649,0.6559508105975758,0.7244903656242386,0.6803186837469338,0.7255956742313017,0.7035512264419397,0.7272755286895144,0.7212178229814825,0.7449696092956763,0.705654151112699,0.7394794758588938,0.7285525799206258,0.7358778300027172,0.7395087352361999,0.7322772071969403,0.7443074437145653,0.7688920867922003,0.7059175052559897,0.7658383261842256,0.7289610697234776,0.761067463234306,0.7354963893927181,0.755586779282052,0.7332057054050516,0.7917771657981443,0.7005097175847186,0.7915512010777342,0.7230032357033256,0.7872308945903875,0.7279767337465832,0.7808708825894807,0.7238573169357405,0.8132893294102312,0.690878346953065,0.8182069861043659,0.7078018833223707,0.8147266446381727,0.7140174985708152,0.8083075498673307,0.7141250167093438
0.4574685077969339,0.15641054276538488,0.4787223253326485,0.1362813545568652,0.49271283347346656,0.13732656185924827,0.5053374555266569,0.13827017658614582,0.43713789791703517,0.13879613270843183,0.42480119533148103,0.14169344858613164,0.414138106913292,0.145268506711838,0.5281614374555713,0.15447190020428347,0.4033539988794401,0.16816830043743597,0.4915758149561748,0.18212581183006912,0.4379652193104167,0.1899576362820322,0.6655072696151803,0.2866384777818086,0.3199679639617158,0.33394802529541545,0.7611109469233279,0.4333208248976683,0.25064922446143323,0.4416143360080656,0.7866901907273806,0.6323303519684315,0.2626944231925049,0.5332208814807117,0.7999083158359006,0.6918262657967766,0.25938349347601664,0.5925381001005836,0.7679794295288924,0.6871322114925192,0.3099177137735077,0.5839390492822222,0.7543299880660554,0.6726977705505257,0.32179690719195525,0.5671883441041407,,,,,,,,,,,,,,,,,,,,,,,,,,,,,,,,,,,,,,,,,,,0.7823768560970639,0.6318080581307162,0.7499360400779749,0.6470415171715522,0.7321413448075771,0.6726586210792216,0.7329908363763112,0.6965874968301022,0.7365120854529555,0.7136339781864467,0.7522193611595951,0.7011436766551074,0.7483474481107981,0.725794587068987,0.7447757303940226,0.7364694809852057,0.7410416807861899,0.7403617292240269,0.7767081419602151,0.7005607574163293,0.7748993007564627,0.7242539037522326,0.7701150995718156,0.7300271890004539,0.7649563959390289,0.7269097615912621,0.7997253344194609,0.6944167319679823,0.8003386598522502,0.7169119375577212,0.7955408198062899,0.7216664086323497,0.7892157422181343,0.7173425128893807,0.820851280232646,0.6844849160739825,0.825552750285186,0.702406120024093,0.8211113426213001,0.7081979659634141,0.8141464549498406,0.7077107345237111
0.49738675804709126,0.15845192714394193,0.523990588398846,0.14148916408012374,0.5379292833901794,0.14526681989342635,0.5507330294645735,0.14877128472508316,0.48309922575720227,0.13507440725284964,0.47090072636817276,0.13498786299375187,0.46010489960826784,0.1357523238955916,0.5707816962076099,0.1684124270135787,0.446936743539579,0.1542109145324439,0.5258512466784524,0.19129518653122493,0.4726566516490118,0.18538494582937165,0.6744314825881146,0.32733274535405027,0.33527319680450535,0.29321994977031535,0.7365051815322597,0.4918510217569658,0.230013078949381,0.37848366345643825,0.7145528275067987,0.691744116182573,0.2517527459792651,0.41437188920286117,0.713532987064942,0.7522110721378368,0.24961209599917633,0.4729248034938542,0.6834764817593443,0.7405514115104417,0.29075131218621086,0.47633866492773597,0.6735716695320466,0.7235522499435495,0.30081638504490793,0.4635453780654032,,,,,,,,,,,,,,,,,,,,,,,,,,,,,,,,,,,,,,,,,,,0.7122885026672406,0.6906288171796622,0.6763301125312816,0.6976776334709278,0.6521974223015878,0.7183711740344341,0.6461461164514285,0.7421175966365549,0.6454788940510771,0.7600116864125965,0.6656535107679739,0.7509813770942686,0.6548191657772018,0.773970238117061,0.6485929126072564,0.7828591490592304,0.6441578129370936,0.785367705174121,0.6895674481430536,0.756585108338439,0.6801958943967127,0.7794661821846549,0.6735710248099941,0.7826620468245127,0.6697354809411663,0.7774368597175487,0.71346949509671,0.7560419010565967,0.7072448917352879,0.7786768001436328,0.7013386775506469,0.7802581449773898,0.6971322397314179,0.7732922273959335,0.7362124871238295,0.7514419256746765,0.7354986311175271,0.7705190052544149,0.7294112724594535,0.7737844972565872,0.7233449361743265,0.7707921028759284
0.4606317411269803,0.1675031319572313,0.48462534457473766,0.1430275252790774,0.49979400489097336,0.14336508725006006,0.5133900172119559,0.14400038385970568,0.4427664518435339,0.14641601654528327,0.43130151577690146,0.1486813445705022,0.4216652551082554,0.15122382429822886,0.5378310543469196,0.15824835621816066,0.41548971479051,0.16790851301143325,0.49653628242525905,0.1938938246426177,0.44333781252280363,0.1980239086047399,0.6698201994093528,0.29533166780357745,0.34007226033924487,0.3185325601354855,0.7603826145633166,0.4465684508793596,0.23882304423981693,0.417793117600634,0.77309206598328,0.6476985687851935,0.2655310819272304,0.3792506675828434,0.7826913391135362,0.7069377698477282,0.26804600154345415,0.4248416473056325,0.7510812426476892,0.7007795721276233,0.3119145013942561,0.41736041153692305,0.7383296487087688,0.6858804538287756,0.3196752620322581,0.40935802037627217,,,,,,,,,,,,,,,,,,,,,,,,,,,,,,,,,,,,,,,,,,,0.7698496238562391,0.6489459595622484,0.7361582813184114,0.6623534129374391,0.7157154005426793,0.6853421530365053,0.7133098226890607,0.7092733251438716,0.715693158103761,0.7271177608832589,0.7352929699243886,0.7143727229750453,0.7278550755667835,0.73943571856187,0.7228041279627339,0.7496573242602738,0.7184611379150343,0.7531231767989917,0.7594681074041554,0.7156659714570401,0.7540235010926455,0.7406748102657852,0.7482167219111473,0.7452620735079252,0.743555403052515,0.7406127247007409,0.7825713032849639,0.7111108648550878,0.7806721825553187,0.7348077796594571,0.7757164019908245,0.7381230395287232,0.7706181581267637,0.7322254171401756,0.8039846262266965,0.7028543906260464,0.8065890022235033,0.7215526334241835,0.8016756034935635,0.726106553894452,0.7956690003918144,0.7244593849121505
0.4993468155009607,0.16910726561644537,0.5285300475743954,0.1502253965723436,0.5432960753064794,0.15357162661896326,0.5564406903208607,0.15677811679719145,0.4867806235683866,0.14375894798911892,0.4750216115648921,0.1428505319533283,0.4651602126660264,0.14261192834751085,0.576872382958586,0.17438553850638866,0.4556734030766006,0.1556036478079464,0.527642250327946,0.2031054010115195,0.4748356735001532,0.19510377898285514,0.6723405638018777,0.3384687931514758,0.34615635094774627,0.2816167032670803,0.7229110622519207,0.5065202284398065,0.21098506471685047,0.35566083236516033,0.6876213633144574,0.7051929148985794,0.2708949797013107,0.2968299916980106,0.6821999227563426,0.7644520670329169,0.27676723941062953,0.3185546479563797,0.6529621589482955,0.7511030053207491,0.31203552007113755,0.3162270340509719,0.6444058044759716,0.7338415426387348,0.31651392198481587,0.3194503632987659,,,,,,,,,,,,,,,,,,,,,,,,,,,,,,,,,,,,,,,,,,,0.6829290133928444,0.706529673811585,0.6467393038531439,0.7114725334611418,0.6215519509449794,0.7287160699291608,0.6136496086860813,0.7501392167804306,0.6113761458123813,0.7666286897238879,0.6336135800334313,0.7605785801804539,0.6208324046159053,0.7827103274400296,0.6132185941126603,0.7914875451374606,0.608020276649655,0.7941081289515608,0.656603564708172,0.7678959558527426,0.6454000454221319,0.7905278295518963,0.6382695915913148,0.793840003853058,0.6344514789079415,0.7890252968745703,0.6800796852161548,0.769469719516584,0.6722295471235994,0.7918087237037099,0.6658535901805898,0.7940621641577562,0.6614871803929883,0.7880185326141456,0.7026869416373192,0.7668667734463765,0.7002556528818555,0.785310255170786,0.6941669713699021,0.7883058419940325,0.688691937598741,0.7854022394407608
0.47320405280087163,0.1742662121222829,0.4989817413997688,0.15022273178378445,0.5144098777091762,0.1507613013247369,0.5279224345453934,0.15144294803106362,0.4560952418305106,0.1504391640489856,0.4444203664773355,0.15117429465363869,0.4349775989783978,0.15216298329307143,0.5509765646102992,0.1637446946975349,0.42841362365532804,0.16471332109889222,0.5064305803297121,0.20372240536167646,0.45281052331047367,0.20421364281204557,0.6722188251635453,0.30938811196195554,0.342678458651017,0.30566437487236225,0.7480231328790801,0.4663086682726133,0.20396079024442854,0.4053981168721104,0.7440165944812,0.6687205614665779,0.2757177756168749,0.3138176051139327,0.7492668157492641,0.7278932242203322,0.3005157087948812,0.30934111764298117,0.7187142295309085,0.719735384511544,0.32562128392389644,0.3039228936695701,0.7073771922522198,0.7041056282161937,0.32459270432348913,0.3130857604650994,,,,,,,,,,,,,,,,,,,,,,,,,,,,,,,,,,,,,,,,,,,0.7381156286400326,0.6717710754385415,0.7040197165233901,0.6827741034093723,0.6836333046738663,0.70394032701428,0.680025163864904,0.7262402677858735,0.6774090780859281,0.7431074638783753,0.7010918734436755,0.7325410709839333,0.6916360822933755,0.7572600310998221,0.6851138348718169,0.7673384092676102,0.6802673676170583,0.7704623432899014,0.7251405897582293,0.7356143133880428,0.7174889994446155,0.7599137442616722,0.7109694860360599,0.7641395051099672,0.7067008431689089,0.7599735076168521,0.7482400086542228,0.7333375312748466,0.743829136153378,0.7568654517390487,0.7377160064035728,0.7603793847686771,0.7324643387706762,0.7556052087650431,0.7696449305126826,0.7272945692794357,0.7700782801630235,0.7460717633558784,0.7644385016147794,0.7502901187311022,0.758523183684372,0.7487291051114361
0.45216040882812264,0.17957500022634562,0.47382667833418524,0.1522349215004454,0.4895454408126745,0.15032987791065713,0.50307488024989,0.1489144556545351,0.43014324394352194,0.15906542662913584,0.4187930121768026,0.16164065076722337,0.4095257086449912,0.1641710203641594,0.5277583315670888,0.15750470331904043,0.40588589324663454,0.1783764308896041,0.48980704493696414,0.20377018477269415,0.43675900109407023,0.21255529903296758,0.6700398384449325,0.28329897339890525,0.3446057476851532,0.3241097195516718,0.7666976750363634,0.43098122839629693,0.21843177012249249,0.45199768511769167,0.7908359821893824,0.6281537191675919,0.29480413552216234,0.3106159601366707,0.806651430862007,0.6855785118090963,0.31648581535461523,0.2958902001799383,0.7754988471472914,0.682104738919763,0.34007237132091483,0.2903783103566451,0.7614473151834507,0.6684479630643275,0.33978829717791814,0.2986632524056461,,,,,,,,,,,,,,,,,,,,,,,,,,,,,,,,,,,,,,,,,,,0.7905477455833689,0.6309306029345332,0.7562014296058308,0.6462367379863005,0.7392206325133555,0.6712702473426975,0.7389096164549473,0.694477090395011,0.7376582979187373,0.711519877966674,0.7603829933123132,0.6971569255262051,0.7544501777698366,0.7236679684617164,0.748927754562081,0.7346560526528501,0.7438199412961819,0.7386287313820472,0.7845325435756131,0.6969559731939324,0.7796621686008678,0.7217927023090538,0.7729394831283588,0.7272665949946391,0.7668878305717957,0.7242160518096552,0.8066860755903498,0.691118034051246,0.8050975069997164,0.7141277741007404,0.7990226570595518,0.7197938310164962,0.792244722966561,0.7172147866148719,0.8266337200382183,0.6819534156654825,0.8295118262845764,0.6999023821757697,0.8246256696509593,0.7053625536263246,0.8184003444985202,0.7051069388273798
0.4535552904951494,0.1798668769876083,0.47524318229371526,0.15244566083357325,0.491617168366172,0.15043880285486844,0.5053132299247505,0.14909663600098128,0.43149263452636266,0.15951228033028622,0.42036290151023686,0.1622075121426317,0.4110701442571385,0.16492206540542387,0.5303257210552328,0.15792182692252413,0.4082191647718062,0.17917836558647263,0.4917536996465522,0.20443588912536514,0.43846371032875087,0.21391985001799776,0.670866019071847,0.28570590410858215,0.34891323505288363,0.32086186347951995,0.7656747172317095,0.4372948731347682,0.21701677045481393,0.44982669356518556,0.7843503484850571,0.6328674013925337,0.3001619921860255,0.2977818925111773,0.7980905130518955,0.6909363005477287,0.31984797687861727,0.2747730308432225,0.7673266346956237,0.6869215753307685,0.34456532299160214,0.27128786392578425,0.7539673236931735,0.673272521717679,0.34582760811672963,0.2798942613840448,0.31786076909091643,0.29978562436156575,0.35057092206986606,0.28791093939509177,0.37339792735667976,0.2840825214940943,0.38811163097621415,0.293112829604932,0.3953436926747533,0.30555713244814103,0.3723280040929404,0.24665320271480712,0.38857776214284967,0.27184708323069584,0.3948584676442517,0.2987298995543374,0.39781541982477475,0.32055751273182587,0.34243080379262175,0.25191671748507577,0.35556429793443234,0.28256832209447613,0.3661603601636024,0.3043660085026014,0.3733283454110268,0.319302337588377,0.3135718075858055,0.26305793372849456,0.325636569781138,0.2963733253304421,0.3275279753272683,0.3024584755266567,0.3252661887816791,0.29997947104965716,0.2900236719849323,0.2773332909027792,0.2994818684372164,0.30591247918561176,0.3020560259179691,0.30735805660152016,0.2998219828570119,0.3006452191341598,0.7825477943037105,0.6347449890727364,0.7497606090461609,0.651054815371616,0.7315419794788915,0.6745158774663065,0.73061515161184,0.697081266564006,0.7314887489968641,0.7139207064786111,0.753074794581472,0.7003772796211829,0.7467156502622958,0.7267325086928016,0.7415223687784935,0.7373796030479722,0.7370790776746197,0.7408581070944837,0.7771694797616459,0.7003870109434341,0.7723931353568032,0.725744246179973,0.7664104496330191,0.7316640347452706,0.7614905412176576,0.7287357475095433,0.7996440239733823,0.6951222159817376,0.7976541635844729,0.7189749184922771,0.7922551015181665,0.7236533894062114,0.7870024819724546,0.7196153620928147,0.8199738704197572,0.686429672181367,0.8224051847570619,0.704674859138688,0.8177319156400573,0.7093357998945321,0.8124722280047161,0.7081872641997145
0.4617969362832081,0.17906267509462315,0.4839292867422482,0.1517143648193583,0.5009565877520966,0.15059455295315866,0.5152666522493825,0.1499992552483248,0.44006506136175816,0.15669988420362238,0.4288446447982325,0.15909267946443445,0.41910752516916605,0.16181775150994757,0.5404134257663659,0.1602821046914422,0.41634271737735895,0.1765788013086198,0.49891255758615505,0.20584689197821887,0.44482034223884154,0.21320951616940215,0.672787804718334,0.2970155862672272,0.35048897029204196,0.3099520360629478,0.7569143490814751,0.45700529049946614,0.2098816418440539,0.4311363396167904,0.7606887324608457,0.653028961950036,0.3024858265165744,0.2771154853137503,0.7692582640795433,0.7113213811933276,0.32600462185062357,0.2526294585412606,0.7391039751015701,0.7048285973824557,0.35155383422446085,0.25092062912952035,0.727208355800517,0.6905690772778186,0.3519313126513818,0.2603225864182488,0.3169113096859875,0.2870516080553398,0.34879095155985107,0.27732050773087974,0.3708950035194519,0.2686568156097252,0.3851230974702636,0.2673809002634052,0.393442087012452,0.2744107724774505,0.37923554476579796,0.22828112509071857,0.39303244128895226,0.2555805764506883,0.3960685525170561,0.2795539763747638,0.39666118663264127,0.29869844453438016,0.3521712453382498,0.23113338469215025,0.36430053412142455,0.26558753606302077,0.37312343989657254,0.2884730869792087,0.3790344960768688,0.3055361388638129,0.3226178857065067,0.24014265914999758,0.3336431475287758,0.27369541251676366,0.33271011788048277,0.28458228373994465,0.3296203710879164,0.2885106081944138,0.2962033444578306,0.2531087396634281,0.3067324673829178,0.27699466925872496,0.30882409766744945,0.28177458618809365,0.307198599866879,0.27911539071352387,0.7603254800647038,0.652376150773991,0.7254408895228864,0.6661693408620414,0.7055945691499201,0.6888136925335986,0.703346956146603,0.7115881159874958,0.7024131631095678,0.7283099217091765,0.7247544393285761,0.7166377999016027,0.7167021658050888,0.7423057668853417,0.7105094171386617,0.752316074974491,0.7053353602448439,0.7552908866776353,0.7489640397904398,0.7184340454959506,0.7422943612053082,0.7428212127944421,0.7358822766591511,0.7473468964220412,0.7309932172023582,0.7428670404345823,0.7717912701891193,0.7144928034042219,0.7687662472783141,0.7370889724836729,0.7632168592868946,0.7419808503946601,0.7577443650418016,0.7377387349953995,0.792738444518827,0.7068342850810828,0.7944754372781251,0.7243141947460234,0.7896485876571686,0.7292207332253691,0.7836989242925285,0.7280820933110479
0.4757192537407928,0.17607825997869908,0.5010513943362014,0.15155516282401515,0.5181709707664607,0.152503673948175,0.5334079259398862,0.15366532192359467,0.45804654372276044,0.1510592112528822,0.4468696893562336,0.15193552434101604,0.437000271155755,0.1533492987765555,0.5588357380655394,0.16687776439597554,0.43334565909977807,0.16779004969425634,0.5097417592362049,0.20783018880070503,0.45526401703088837,0.20717440582095098,0.6729342592992407,0.318568606806002,0.3523813837957585,0.28901247489870635,0.7364848387799151,0.4877628317226409,0.19865489689485755,0.39276335170143906,0.7148293972084732,0.6831416714719878,0.31087010794310044,0.2475868358006943,0.7150479668628574,0.7422548701110947,0.33904360350686935,0.2249329699304436,0.6859331859392421,0.731946685874858,0.36311897518512914,0.22621962458730965,0.6761057758623371,0.7161976975636681,0.3617323194286856,0.23621872979997255,0.3316814143066693,0.24692038236730474,0.3604066147042517,0.24663790635126645,0.3811273460831073,0.2469277283819949,0.39360442919172606,0.25192334465870725,0.40172741973467235,0.26361331440550306,0.396561837477483,0.210118447736456,0.4045997813424894,0.24028573677852477,0.40344470405686306,0.2637597533931451,0.4022082336074271,0.28210030689814813,0.36973699368551416,0.20759855822253553,0.37730992287024084,0.24605022295069823,0.38096454385252987,0.2704390175393496,0.38377661111347716,0.287702637690479,0.3403276017623197,0.2116935559120886,0.34771719922420824,0.24622849596900354,0.35308058187089664,0.2613418033091788,0.35726302327728593,0.26950883165693923,0.3135286379899156,0.22019868489231376,0.3182522920147482,0.24324703768355707,0.3236772959750344,0.2500688647331697,0.3286931433029613,0.25002786848322195,0.7114853584359858,0.6829200243250988,0.6759727969399658,0.6938449319388993,0.6544240765623612,0.7126460296192427,0.6493464673459768,0.7344822808457185,0.6474183975161103,0.7510876958680234,0.6704888916731787,0.7410569013667256,0.6591065866121335,0.7648359597582701,0.6520301259790324,0.7746976399118517,0.6466431540549722,0.7781156710935555,0.693808808463139,0.7460592359246166,0.6841680727671914,0.7696483824454894,0.677436604076046,0.7738811360416472,0.673007266720836,0.7696599531434528,0.7169004432433007,0.7454564725576054,0.7108976089370528,0.7681258707543498,0.7053585983978023,0.7714008701803088,0.7010017899812272,0.7658891026268111,0.7389069589641599,0.7408825807233705,0.7379532217475709,0.7588755056790939,0.7327858509611815,0.7626823140906909,0.7275833676757831,0.7606286533249834
0.47201595160761217,0.17635151469050983,0.4974660157694576,0.15145982425900797,0.5146614546534422,0.15227134428702524,0.5304700992671945,0.15333990985565207,0.4549528295916666,0.15132850375563123,0.44400563667827914,0.15226916377210445,0.4343003587194384,0.1537637137748144,0.5570784822282718,0.16629396203790683,0.4313346302074514,0.16849181190530343,0.5067335651915816,0.20869498514943507,0.45241360474772396,0.20789209322502689,0.6729641420416231,0.31651163447575487,0.3520246539008298,0.28886177083202946,0.7382420597772953,0.48527479680906344,0.19908609984221848,0.3960599548258343,0.7177558332806997,0.6804100830251468,0.31243693641082415,0.2492236491502254,0.7186165802041641,0.7398630536909623,0.3416842843682586,0.22559297726800212,0.6894703250631554,0.7298450996403574,0.3654585557583732,0.22552000626646806,0.6793385790274199,0.7140118773535283,0.36337590379917306,0.2360994133532633,0.3341906098513298,0.2439638778063814,0.3637474678726575,0.24109815258328285,0.38562849328046767,0.2414606092463955,0.39843934225681477,0.24861022299339458,0.4051726929737732,0.2633225195997455,0.39922793895409414,0.21154162455061082,0.4043281824752544,0.24181704872425833,0.4036075542494564,0.2648171581850622,0.4034875875496932,0.28297248408735426,0.3716458457533222,0.2104233240098525,0.3784533004398868,0.24496258758270165,0.3826163007877798,0.2687319186607365,0.3864483219072686,0.28597547745136526,0.341274017319373,0.2152984658539086,0.3475718041528801,0.24556832410600743,0.35396919570742913,0.2624328326558735,0.3599408006131475,0.27294595806889055,0.3140325515897716,0.2242910945317259,0.3145802700540667,0.2416582889789075,0.31884206300602147,0.24914154581960596,0.32420761565210443,0.25159467076282716,0.7152719101441657,0.681304744706352,0.681106501811994,0.6905917655973604,0.6587517546894085,0.7099059245924622,0.6541927714715439,0.7313762554435014,0.6513132432498484,0.7481132449471513,0.6736336058086713,0.739793055240531,0.6632813558666337,0.7622648490307049,0.656050717096073,0.7722570323894773,0.6499203472932793,0.7763581013974382,0.6968175650472226,0.7440172694396388,0.6887922496767193,0.7667605836558846,0.682287694162451,0.7722850776764888,0.6771176216633794,0.7696018296793526,0.7197582510648936,0.7427521136701146,0.7154641046158483,0.764501907535037,0.7102249213392289,0.76920808687994,0.7049010890956539,0.7654340959911229,0.7418112297752053,0.7373574949253747,0.7424480431958422,0.755112226442584,0.737816427129678,0.7606027014218081,0.7320574495767993,0.7602890522094417
0.4468609112905004,0.18231953275213442,0.4679694402763189,0.15334285857362678,0.48533234504329853,0.15144943601376376,0.5021091928382166,0.14999930111764628,0.42718085567866737,0.16011134565250204,0.4170855100473664,0.16289412925622923,0.40805301059204846,0.16610565496707866,0.5325372560023468,0.158516552479828,0.40809135633603716,0.18114789505536566,0.48605961771385797,0.20821493666241553,0.43350251318338157,0.2160737065129732,0.6715145126457205,0.2874950520121972,0.3499961029339989,0.31221481483528674,0.7636327587994758,0.4424773778342225,0.21808928536990696,0.4423987298825628,0.7746654196386217,0.639159274864054,0.30649535269397427,0.28045306578109,0.7853136970037018,0.6983204893345676,0.33046709317116135,0.253218398372549,0.7541230908436263,0.693165674061488,0.3543605092895405,0.2500416213912522,0.7414461149151889,0.6789316804934024,0.3541214742328989,0.26028967006129367,0.3245409232799741,0.27785047160294707,0.3541522640947339,0.27259835568162766,0.3758091198689185,0.2711787302896944,0.3893237298962679,0.27739191589430967,0.4001471917126145,0.2884925713135772,0.3843082393566126,0.22897457126634063,0.39609318790060677,0.25587995702958516,0.3997249458785167,0.27900728745721065,0.40207242276699384,0.29744319395163005,0.35734869450748663,0.23089058473465185,0.37129958179015665,0.26155623366547,0.38049897279945405,0.2850914440615422,0.3864056684548468,0.3034274496412303,0.3289184422576368,0.23978490119512547,0.3422866545632221,0.2654179729694733,0.3516963740891627,0.2817923170045584,0.358111623329289,0.29277479429835057,0.3037971462837937,0.25357333568646995,0.31212261800880003,0.26889787072533017,0.3190462415326124,0.27636644290659956,0.32493132869815883,0.2790255199106193,0.7724693116646706,0.6407025779041322,0.7394616135169154,0.6551255514222583,0.7206094809083483,0.6784379082035699,0.7198614838820483,0.7009254823536162,0.7193914132897957,0.7178231337815336,0.7403991266882873,0.7047383006217067,0.7334806633501227,0.7294602745942405,0.7280562178010057,0.7406862448540452,0.7232598647049442,0.7454292151130903,0.7644727813988964,0.7053447855753148,0.7594020695644965,0.7298435488177382,0.7535621718950223,0.7353723230742873,0.7487183778997752,0.7320937146994098,0.7870637236568205,0.7003688784093174,0.7859005976823488,0.7233260246203967,0.7809888276116145,0.727874490941993,0.7754764508086375,0.7236235652343699,0.8077594775403094,0.6915278317037933,0.8109168039382735,0.7097393464471801,0.806373933903388,0.7152841888160095,0.8002070534713255,0.7148189041928972
0.4906394517426641,0.17226428241815755,0.5197732311837528,0.15150690156401414,0.5365548244595867,0.1553685492508602,0.5529822603295573,0.15962769158867318,0.4795181640425969,0.14489699059897868,0.46916683452523045,0.14436633702990356,0.4596476867248204,0.1446089374388613,0.57983979109589,0.17855142428958715,0.45491248993350725,0.15923269723550137,0.5189533154875088,0.2100302421408015,0.46730692020186687,0.20012029740318066,0.6692969017745108,0.3458999562651526,0.35804816458265454,0.2643577785611391,0.7057115058587403,0.5227476703022469,0.1911919351439364,0.34196765317080385,0.6515002436305681,0.7134763572382589,0.3281868881456633,0.21958993198844667,0.6409158449723629,0.7734206614608508,0.35985738003315376,0.20323534686924216,0.612993064511193,0.75747742348516,0.38381085979914137,0.20859712253481208,0.60618726129685,0.739972730793401,0.37991899653262096,0.21756305522942662,0.3491020725787945,0.22258662502426585,0.37846133022647765,0.22575465168103745,0.39934516557284133,0.23087951486341102,0.40985280816984776,0.24269500194593624,0.41491029682625946,0.2585647626661886,0.4170405297269807,0.19703234448591617,0.41609094036116956,0.2300295790892008,0.41307071065452594,0.2521175997403451,0.4114016244757278,0.269643548728071,0.3903086595956922,0.19094589648376392,0.38946487557421144,0.22683114091298723,0.3909511351894545,0.2501066774538742,0.39178079355560497,0.2677056586987745,0.3597362925972124,0.19080603667364907,0.3605788428954101,0.21852274386481313,0.3632780247270011,0.2337412032158201,0.3655517348447469,0.24376278812281155,0.3312773650226882,0.19552634899033552,0.33015315463247563,0.21235572450538337,0.33360923682470534,0.22209558986368283,0.33810211838791715,0.22747168491102676,0.6501971318924995,0.7121742141227889,0.6144113647796395,0.71445804605061,0.5878035658739786,0.7300389234534267,0.5787088011608008,0.7509049238339147,0.5740279019016742,0.7674637641034521,0.5974876256793463,0.761805288513896,0.5826447317152481,0.783347292028187,0.5742186137995497,0.792114316253425,0.5690446167604353,0.7943519732476279,0.6199513153490613,0.7706030828061902,0.6065972268175058,0.7921839732361426,0.5989927190980876,0.7954583790824691,0.595348669942233,0.790885523927213,0.6430086598260272,0.7738179047782789,0.6326420360397302,0.794998584207596,0.626026140383812,0.7976713073115174,0.6219744488206862,0.7923258436759788,0.6656322341577126,0.7729364705736721,0.6615228926923606,0.7907770202182693,0.6551944617668167,0.7941484351054563,0.6496726700181996,0.7918513209211813
0.46678442980411305,0.17488878598816454,0.49145557388966105,0.14952854734659188,0.5084991234310084,0.15040454426554178,0.5254052910884838,0.1517749568945561,0.4509292257797633,0.1502457759763551,0.4406458571142092,0.15163688697510871,0.4313232179920141,0.15346274785989042,0.5555425776873695,0.16604094282634047,0.4292040517919937,0.16890014975613257,0.5011392264496113,0.20706071692750008,0.4486608564199111,0.20604727997769845,0.6729418970716302,0.31514522959994656,0.3530864941659681,0.28939897583594565,0.7396109183036768,0.48304968535959236,0.2020785831056064,0.39323993686630715,0.7195580061292199,0.6810025639680386,0.3135172266798537,0.2521234537807146,0.7185194242228645,0.7424602542943237,0.34002112818504865,0.23282646382204486,0.6882646053274551,0.7311553408064048,0.3656145505563352,0.232974722165794,0.6789077178092806,0.7150678303494177,0.3640724036554982,0.24158459374214947,0.3314298484505993,0.2560353690189654,0.3616493567629362,0.25510072721807403,0.38528236915149094,0.25529208312578716,0.39990067895445125,0.2621554141883052,0.40875927260120715,0.27472862299568407,0.3983987492713354,0.21790329434915115,0.40463775373885624,0.2492388257046376,0.40608861584491274,0.2726188156005476,0.40732343041744185,0.29147167263385415,0.37089639400343977,0.21678678611138014,0.37556623066126926,0.25419173079244806,0.38204247978321576,0.2776108081758044,0.38710216866049213,0.29507099053067476,0.34054270699159506,0.2221555720331458,0.346160764464957,0.2569321980353625,0.35118687188549663,0.27009656246606484,0.35459489737264555,0.27620337418926943,0.313314157244421,0.23192561457521438,0.31751859638115154,0.2545718705961322,0.32101112289448347,0.26056048049672387,0.3231641587207076,0.25925617070083534,0.7179637735348811,0.6785483047210215,0.6824264122597287,0.6876108794908953,0.6597682825367231,0.7077227622977498,0.6544623844181943,0.7305623712557419,0.6518164190930273,0.748638665342811,0.6753872666175322,0.7380552329121415,0.663436813387084,0.7614936991428097,0.6567686024587727,0.7713289390611586,0.6523268896334435,0.7746600667239674,0.6991597401187919,0.7424454875601346,0.6888209217969253,0.7654211773021133,0.682499811268876,0.7702356773901402,0.6790654529901718,0.7668028830713548,0.7223966514603285,0.7410231455100447,0.7153657092565338,0.7627902301873004,0.7101558093541673,0.765455678733753,0.7065848923274798,0.7597962058129608,0.7443530661514829,0.7360347993839664,0.7430284060934687,0.7540033648414828,0.7375646149464296,0.7578089792520506,0.7321097964891373,0.755763516595621
0.46210122750552446,0.175519432658738,0.4857243399097422,0.14904693790213236,0.5027365806688303,0.1494144644801389,0.5196684329904071,0.15032053757790237,0.445358429360565,0.15131836605349788,0.43513410305114986,0.15324690243429878,0.4258877335024906,0.15561474509720616,0.5505145583911741,0.16407422398016283,0.42427728691832084,0.17135214753259292,0.49732652942957295,0.20659138273477035,0.44514533730606737,0.2074553013947379,0.6730921076814635,0.3090440362002373,0.35265698614820246,0.2942593816452933,0.7447843981526766,0.4744067932790134,0.20502917267171122,0.4031566700780802,0.7318951727609746,0.6735423824215043,0.3134730370070745,0.26791999240085046,0.732372752142903,0.7353525108657839,0.3399099211623011,0.2484404192788477,0.7019058015539968,0.7250226804418414,0.36518803478122935,0.2479772055930483,0.6922489158674271,0.70931023570926,0.36350279749028114,0.2560680665814614,0.325799343800392,0.26508911764803456,0.35667598800708167,0.2606707647947134,0.38064523932372296,0.25974971188587365,0.39614237053194284,0.26805936149917375,0.4049410145352046,0.2823805943733675,0.39551393943600754,0.23023213940336007,0.4035861309584605,0.2624757187828798,0.4059879789656893,0.2866450286850632,0.40626582310376563,0.3058770335739548,0.3679800320421613,0.23019630865906932,0.3755666567282915,0.26913970838450096,0.3810770816983715,0.29472604504015115,0.38472748585335664,0.3136587664167769,0.33734343789928417,0.2373141244613433,0.34346590917936337,0.2770262607121133,0.34057569662114684,0.2857477988991941,0.33664046106557055,0.28632314230030864,0.3092624842370737,0.2490470603650297,0.31569924320070886,0.27645503526693316,0.3145368972200822,0.2792461064665651,0.3112803331939364,0.27362526326616377,0.7315803233886993,0.6698870305010907,0.6961114668474282,0.6808527020509112,0.6736695136369204,0.7026158084449575,0.6692795189538141,0.7256730488569776,0.6674473370680716,0.743296859874684,0.6903679054547671,0.7316558927775564,0.6795234577547549,0.7548322387878214,0.6730933117433439,0.764743979098802,0.668337495093984,0.7685059649859481,0.7143114292648941,0.7351417359161375,0.7050343922416944,0.7579158207065251,0.6988951477634415,0.7626581907982599,0.6949217971785744,0.7597333695271098,0.7375745698249014,0.7330682904643886,0.7312147341515972,0.7547677298396789,0.7261004845829078,0.757610845704529,0.7218980839233902,0.7528411784686806,0.7594178727051124,0.7273143272980394,0.758468746645511,0.7449124662361502,0.7531093934551683,0.7487459303600752,0.747374849930814,0.7472965571271406
0.4340371572798264,0.1844825895671909,0.4524350668896721,0.15417550657738135,0.4697784752938621,0.15124191365916378,0.4865159224322747,0.14869732053737036,0.4124014892212179,0.16363060342937766,0.4027108041658606,0.16732131771591816,0.394093996536132,0.17133793246195747,0.5186490040034635,0.15599159892854247,0.3961463432679732,0.1889831478741993,0.4757535402173767,0.20813156441562797,0.423869120839198,0.21836698748103628,0.6683976981887658,0.27215201125891525,0.35150622434106243,0.3236203931099673,0.772882669464546,0.41847426758867656,0.22958067967374796,0.4624735965762661,0.8019609825648553,0.6166610103644383,0.30718277969449703,0.3082533883100535,0.8151975079114835,0.6772955131925626,0.33289931756028734,0.292014936184102,0.7832988961787286,0.673841163349433,0.35890454346822065,0.2848462069156018,0.7706823334462645,0.6606808984436918,0.3580632443014877,0.2915753000968942,0.3181896351254694,0.3230306964099629,0.3490705393183018,0.3123913072241277,0.3757412491549175,0.3049296367625337,0.3917593133957994,0.30892543049903654,0.4013497436660708,0.3201224592554925,0.3837564364517134,0.2691064159230313,0.3966353877977923,0.2964946732797484,0.4032777812990197,0.3190112590840834,0.40808476992337056,0.3376426739306836,0.3569305521838814,0.27349072572203514,0.3705463135466447,0.30508243881134667,0.3803144989352084,0.32895070022910033,0.38718240410550553,0.34635224620173366,0.32829081512679925,0.2846666439263682,0.3423682839336314,0.31271549252356207,0.35130161905559254,0.32720473402093136,0.35636474599816836,0.3353816820207608,0.30271028317824233,0.300079819369064,0.3161473755887394,0.3193621254333582,0.3236557406354827,0.3269148743513564,0.3277853317971311,0.3289342962599885,0.8010152350378739,0.6135932596925713,0.7691301032641245,0.6319511132813539,0.7522468097702655,0.6577543912522967,0.7527901758341264,0.6809601373332622,0.7546650260457466,0.6983409461030892,0.7746221774511792,0.6822834165255222,0.7701416084351465,0.7060216830355723,0.7661939012433638,0.7167593193817978,0.7621125880713486,0.721247451100006,0.798504503655493,0.680279290710038,0.7960429980509992,0.7038226118571762,0.7914359828259079,0.7105517656797853,0.7867522897858972,0.7091911998780204,0.8205166555885555,0.6728890814375347,0.8207371972647399,0.6944200305667747,0.8166853542933871,0.6993951161933756,0.8113141543616983,0.6966790386698352,0.8403960912728061,0.662202407317799,0.8444780397148945,0.6791484431348794,0.8408680248319595,0.6845313255771464,0.8350763395023095,0.6849005087217017
0.4765371251053782,0.17093294520279798,0.5040088971836509,0.1483155298166235,0.5214486262451196,0.15090143937689682,0.5378965886838467,0.15366313073632545,0.4623908729076642,0.14380380541931012,0.4520449282221894,0.14406548962550428,0.4425962916662784,0.14501742607371132,0.5656412380233978,0.1706645338983124,0.43892572020743836,0.16319839839580558,0.5089310402248395,0.20649649400599127,0.45656607901645946,0.19889596898470202,0.672357342522717,0.32660368175088755,0.3552313960978162,0.27842028595226587,0.7261562832230125,0.49201545434983696,0.19652550638173266,0.3735045635286979,0.6933423422740275,0.695119969288112,0.3125457391865113,0.25523389976306193,0.6881353204761176,0.7574361575569319,0.3437654413258492,0.2560009813832911,0.6588102104043789,0.7444718014614786,0.3713636022346716,0.25294569613519285,0.6506577673204403,0.728035554275088,0.3689477308062622,0.2581553325623264,0.32159284277414324,0.27574844299511553,0.35399391597950813,0.27645510739043266,0.37986107669435865,0.2811147448128913,0.3937316111096698,0.29282772362506926,0.3999700167400403,0.309621352012468,0.39787930355315637,0.25994904995454415,0.40959498462733707,0.28506977980539805,0.4092136779066064,0.3110252516981581,0.40640593467623015,0.3311207733563665,0.3733379407424553,0.254763545803535,0.3816361428001759,0.2856516144451682,0.3830126577158557,0.3161838746341894,0.3825299214618009,0.338178239150808,0.34508820726032163,0.25559767613499235,0.35123146202604627,0.28539556100557545,0.3533228616849653,0.30798671038393516,0.35388025061066564,0.3209311908291898,0.31800463843336113,0.2614049911194843,0.32453198750998047,0.28506659102584353,0.32646938902085526,0.2988219764169538,0.3261426915567095,0.30498941023447296,0.6942580761283219,0.6923879020235996,0.6596994924538518,0.6994530671165824,0.6362901441983662,0.7185928236708315,0.6299468545245125,0.7410345074885478,0.6259053717345531,0.7580100014415248,0.6493012081936035,0.7499752141895613,0.6381237447341315,0.7715960669927243,0.6315013644913836,0.7796542207740478,0.6271902038921119,0.781202652744623,0.6725516967772504,0.7553384353833055,0.6630289524189884,0.7776705127524608,0.6573396243762923,0.7810988135433324,0.6547522139849692,0.7766958831129329,0.6956204102159156,0.7551141582527179,0.6890664870282726,0.7762188504550254,0.6840785451566056,0.7794050587198824,0.6809453988330141,0.7745859406216145,0.717835978654994,0.7510858944163948,0.7162634535382426,0.7690291631998898,0.711344087121667,0.7726037344676122,0.7065321631425582,0.7706056350897083
0.4348083428714827,0.17936936804789466,0.45498543100811784,0.15147312169209157,0.47248155482291476,0.14951518009401102,0.4890834937611648,0.14785088377916444,0.41368201975185054,0.1583823147324224,0.4037943200069103,0.16169165654141018,0.39498464677287043,0.165390222526237,0.5206010763510839,0.15650419003133248,0.39694179316534695,0.1849892866298122,0.476295133550764,0.20469931341948366,0.4237487991182656,0.21165966963785815,0.6669606553634756,0.2745392931806781,0.35106026947829144,0.323196723214827,0.7667711655755289,0.41401505636504465,0.22444398644895602,0.4633998837983765,0.7950196416219852,0.6198413091905283,0.30146069030327793,0.31996560497310206,0.8084428650036147,0.6818704954128998,0.336760646618856,0.32412108346099733,0.776732431195233,0.678384984623096,0.3612918471628471,0.3113548124036996,0.7640931621098803,0.6650318848239576,0.3603613996986036,0.31432646944834275,,,,,,,,,,,,,,,,,,,,,,,,,,,,,,,,,,,,,,,,,,,0.7949866674840772,0.6198987638328894,0.764291208000563,0.636455398049858,0.7483062315871853,0.6610509743837812,0.7497482516690538,0.6843081123028986,0.7516102042826541,0.7015080535129429,0.7697053532673992,0.6878251464868891,0.7656163998212171,0.7133425604317225,0.7620705051918064,0.7228217933745988,0.7587437675947832,0.7243004448747683,0.7938015189194321,0.6857676783285361,0.7920572400581707,0.7101815841081713,0.7876280073565266,0.7127245987557098,0.7837459824996642,0.7063985356329316,0.8155869168922323,0.6782028336612742,0.8162423005405903,0.7001306733133079,0.8126919690075098,0.7036465015105904,0.8083297594016033,0.6987009501925641,0.8353259530177342,0.6672937494779545,0.8406123448513121,0.6842214716697133,0.837168951812926,0.6887110688142299,0.831603893939465,0.6877515297766912
0.487787017067802,0.1666032080369818,0.5164622382844044,0.14759098349611097,0.5334062157415753,0.15200336383885302,0.5494152088080165,0.1563634269606461,0.47551996231268834,0.13946170084371093,0.46512283345839533,0.13910379295446682,0.45553501845359146,0.1394909697174426,0.575812930062486,0.17568115599989528,0.4503449467618096,0.15865186529708303,0.5173269257026686,0.20475213212508087,0.4659717036688057,0.19282219052462488,0.6711021824420889,0.3376672077755046,0.35678081591861455,0.27667282522849235,0.7159070761370723,0.502213667015923,0.18617314680442354,0.366571975233673,0.6702637576031327,0.7041607574179327,0.30704528390916463,0.2832065930699909,0.6614379810130342,0.7670873307077141,0.33949084244370553,0.3008248098512314,0.6330306856224356,0.75376264231682,0.36677874100784236,0.29766357622960915,0.6254085720705022,0.7369243867335917,0.36356643308495185,0.30050538940453564,,,,,,,,,,,,,,,,,,,,,,,,,,,,,,,,,,,,,,,,,,,0.6720161961817183,0.7064397070530963,0.637080277176107,0.7112539701920294,0.6129645767841319,0.7292020589893056,0.6057304797244826,0.7508655946756947,0.6015536295204911,0.768019982065336,0.6243094524939455,0.7606644980842181,0.6119736322187453,0.7814887906040456,0.604674498014066,0.7906854957858187,0.5997863412160578,0.7934242433028249,0.6471609172322638,0.7671966632165474,0.6381518148313101,0.7884481427625818,0.632217101306416,0.7926345030401225,0.6286648719048235,0.7884667602035,0.6703998602425735,0.7680278976823125,0.6643174259856129,0.7883048408934851,0.6595413117462335,0.7920819756888318,0.6557225637793275,0.787534941967875,0.693239576195593,0.7649578250682179,0.6924350276326965,0.7818784136479566,0.6883323503424691,0.7856765903732419,0.6836036853459324,0.7838571878504652
0.43331620943361154,0.17845260405544244,0.45379646982575106,0.15088830900211064,0.47095539921451063,0.14934007102254776,0.487312407481423,0.14805457470168276,0.4126228788811575,0.15716983988544062,0.40274401286639233,0.1603632457121355,0.3938031283406379,0.16400280165833778,0.5190882522649305,0.15762243702258277,0.3955528750521283,0.18376403179895237,0.4737231241377075,0.2042653055276577,0.42165530698963205,0.21033862780986834,0.6638642514012002,0.2769427200946638,0.34655747390651415,0.32677902204653153,0.7620227566078559,0.4160601420154075,0.2183779130217683,0.47000516693652705,0.7888461690148747,0.6201686890931553,0.3111710186145777,0.39270400213020373,0.8019931429972842,0.6824198267324767,0.3432107251310823,0.431365558529293,0.7710488866620131,0.680319349824577,0.3783744615912748,0.41807178518045485,0.7578673767463848,0.6673065505279576,0.37395623952977397,0.40966762744359575,0.3492177380799415,0.4255939780530652,0.3841774511447568,0.4364219952694281,0.40779941171064055,0.45883517037588134,0.4140822665081493,0.4876884127868825,0.4148731508764258,0.5115615258906966,0.3980808230634735,0.4301283640372578,0.4121824011769023,0.46772060936410076,0.42274925763425464,0.4933070827683189,0.4290547846247659,0.5158214174930328,0.3686038652481537,0.4282166688840186,0.3748095554085828,0.47075065783008097,0.3825917990729185,0.5026249476945656,0.3877941632371027,0.5281568144346315,0.3404041757973992,0.431526203700889,0.3383000486049097,0.470845118649076,0.33846501890938785,0.49346459427209144,0.33746684827845513,0.5077052232028326,0.3166593644385842,0.4391040351846794,0.30984073525589967,0.46698934337259934,0.30755000174547664,0.4819776329850436,0.3058964980794088,0.49130604808565037,0.7908781846652061,0.6240293422742762,0.759801670197165,0.6404699199661299,0.7431346547029567,0.6641119927960032,0.7437582134333818,0.6872279210533319,0.7464545646957694,0.705056653843583,0.7655398596556974,0.6910537054815906,0.7607773287622925,0.7147974884971164,0.7571636676717177,0.7257007538085152,0.7535642446119946,0.73040133852735,0.7891928801738499,0.6897469630703805,0.787173712913496,0.7133192429943734,0.7828203150143451,0.7191298599862954,0.7781179107370857,0.7162092175891863,0.8108892335154485,0.6827278612643897,0.8117428884293221,0.7041967048375766,0.8083689452559777,0.708949143448801,0.8033098332196953,0.7050507460259712,0.8306938087277518,0.6721261312520699,0.8358188939921021,0.6887598555967585,0.8327555888734208,0.6944643701070274,0.8270699495877227,0.6948520575337352
0.46323066014386133,0.16958241888078365,0.4885621726146403,0.14637628547382397,0.5051215234477988,0.14809591549478016,0.5211873222189998,0.1499349050077699,0.44727321419411775,0.1448024606989908,0.43702015865041094,0.1460738792997765,0.4274971981155225,0.14795889378282806,0.5514136887746901,0.16591574302768816,0.4258378400278196,0.16766764443710444,0.49710357994828724,0.20245860672925678,0.44608321216020297,0.19887824583016364,0.6713164699221486,0.3099232294957698,0.33985235974796124,0.29994702141289453,0.7415219345578147,0.46847245882796534,0.1983627383816564,0.41616330561497455,0.7313048518339101,0.6700027757304816,0.30323334935436363,0.42174551998515597,0.7318882320127817,0.733159563624021,0.3187254913049329,0.4816365213785301,0.7020428593156782,0.7257167283792231,0.3622893448517764,0.4804696860721849,0.6913330291057367,0.7106272740604078,0.36188256605446656,0.4698977886941308,,,,,,,,,,,,,,,,,,,,,,,,,,,,,,,,,,,,,,,,,,,0.7311584150413916,0.6741880840422237,0.6976727103859209,0.684186144753487,0.6756996211224763,0.7053745389742598,0.672591564746156,0.7282482899135474,0.6744719741660756,0.7447364870799122,0.6926113008644309,0.7356313348264186,0.6834291178749613,0.759687938412374,0.6778812837863706,0.7699303853865231,0.6741489116605579,0.7724210979274704,0.7165725418554902,0.738934200401023,0.7096848121200808,0.7631931964806522,0.7040249842473575,0.7672041712911755,0.7007097897956243,0.7612747735432356,0.7396045041628381,0.7362068098810968,0.7361911267869308,0.7586035799854332,0.7314660330659242,0.7619925273083625,0.7275948166622412,0.7555462033671336,0.7613291935859543,0.7295659335047089,0.762629706261776,0.7479687409001556,0.7580131858624982,0.7524039598304445,0.7526400562195814,0.7502012601735473
0.45036135495576085,0.1681975094844742,0.4731367724127866,0.1446058949525417,0.48950771359561135,0.14548141235183543,0.5056144055416086,0.14660176837468053,0.43321127902452033,0.14540391205878014,0.42320546334715353,0.14746572419296233,0.4136826734426904,0.15024258398232312,0.5369520083918572,0.1616098278657432,0.41226008281973947,0.1707417525871521,0.48620076555363667,0.19879826192603353,0.43521154470924495,0.19920451102317774,0.6672346591239782,0.29672410235514873,0.3297293070037851,0.31400111411338427,0.7495511711708598,0.4502889366021471,0.20159311590487006,0.4457668668684107,0.7550204662922193,0.6512448746795273,0.3030047050363834,0.49717230651847394,0.7600733920154972,0.7141191281353163,0.31672610423067366,0.5606754063165771,0.7295004314046362,0.7088805687958042,0.361594028175636,0.5478919890095049,0.7175284837441581,0.694454038638405,0.3667438486386809,0.532316392877504,0.3122546158394913,0.5043008665333208,0.35156481808772266,0.5205809506074961,0.3797788694494836,0.5565477092237663,0.3888401248063168,0.592882059717062,0.38740613452194983,0.6216719399988834,0.3823109214344742,0.5505138927543662,0.3846450731038019,0.5942769660554031,0.38372799094767457,0.6228375612569843,0.3815776754280219,0.6443720677017182,0.3530725831165168,0.5502228730566734,0.3478012875838652,0.5960590741643651,0.3438485864623614,0.6238195726475035,0.3421224315092245,0.6440779427419971,0.32097741657314005,0.5500182235912771,0.3133973132743394,0.5895560670310569,0.31130027119560577,0.605066190477594,0.3123223263821052,0.612622217824627,0.2901194586401472,0.550043947847862,0.28503799122548434,0.579391038438906,0.28468771791373604,0.5906340650894252,0.28646487542472193,0.5969617987554104,0.7547704078146922,0.6540813683433302,0.7206243664560191,0.667420968536066,0.7012632814860782,0.6910623743601032,0.6993872695354255,0.7150810133415941,0.6994048664965361,0.7332170321667963,0.7199132872588997,0.719641822884318,0.71170867067447,0.7463782385342874,0.7069267576160658,0.7559331842975314,0.7035494585082992,0.7579918791375406,0.7446470367062876,0.7211093548151373,0.7378285571664234,0.7465210198856914,0.7318326244506039,0.7493123913732493,0.7281225357197317,0.7434810434245845,0.7679931421605368,0.7168319991769079,0.7632317028219466,0.7409174672270618,0.7572142091613989,0.743459599146711,0.7526785780348226,0.7377008289356115,0.7893347160695829,0.7091781017030264,0.7898134398727712,0.7289984869804608,0.7836674347839415,0.7326005816114378,0.7777223884700696,0.7301515832373079
0.45220958145329865,0.16208568749960126,0.47298889250340426,0.14023026536358738,0.48814149114766076,0.1412547581351734,0.5028178906382107,0.14271100721896313,0.4334785736104116,0.1414482249529871,0.42282017844741493,0.14386353029719423,0.41273270129005973,0.14733280034867902,0.5323402692417227,0.15991810319027103,0.4077744712647636,0.1705435131921905,0.48745188489524677,0.19238406196488952,0.43395047237105583,0.1952682185432724,0.6651981810821592,0.29306741100721106,0.32191441106930285,0.32418472173603696,0.7507811870164194,0.44483854969298414,0.20641001749100035,0.46198138595722527,0.7628267701782909,0.644353408427332,0.3031273693198433,0.5578189545775118,0.76860468629302,0.7075736890475508,0.31039157680175256,0.6230267591402854,0.7370472827826273,0.7023776640303157,0.3586308016676082,0.6096085513818152,0.724994432881116,0.6877964999813957,0.36659432680518966,0.5893161423707399,0.30289828563846566,0.5441716077207377,0.34212180922512836,0.5672507452122199,0.3682939230589873,0.5991411853808684,0.3780961864314796,0.6316415912925866,0.37806894040658706,0.659045588321151,0.3664386646374955,0.5990190919570719,0.3733868398270056,0.639142615117573,0.37810114206068896,0.6695233146014242,0.3809624522690842,0.6931324739364149,0.3437574381103784,0.5992557228930345,0.34409779463710544,0.6426378697815714,0.3426404065033377,0.6768424143357408,0.3397654627665875,0.7049863168411081,0.3182612897913555,0.5975425376842662,0.31517349879483003,0.6341607094405786,0.3118317570816903,0.6596250902943441,0.30723595534726045,0.6792229880935982,0.291992982065729,0.5941056021123992,0.28666837748669804,0.6200217007488003,0.28240944786609024,0.6414416966674303,0.27809023680410927,0.6588042909431371,0.7598318327915861,0.6460765457384778,0.7256466924026636,0.662650612034319,0.7068471860762691,0.6877813151685344,0.7057625221571315,0.7130250256821358,0.7044697628016794,0.731489849561256,0.7259098834889666,0.7140752098369951,0.7189052642332484,0.7408488299520541,0.7137298617833728,0.75067843848285,0.7094899459723429,0.7528927977704576,0.7508282144943114,0.7150175704198737,0.7448560536460536,0.7403917894189799,0.7390931025314288,0.7441316565067391,0.7347070158888815,0.7391746624268063,0.7743438024145446,0.7104360507967911,0.7701052305629517,0.734836332918025,0.7643618677439499,0.7374589280488228,0.7594798581992053,0.731543845973875,0.7957633658130917,0.7024807940535021,0.7960390916673552,0.722299081390023,0.7902923458959097,0.7256765269605189,0.7845702315597222,0.72299001388102
0.4270783488083997,0.16460911385549368,0.44701174328633897,0.14257548097030162,0.4621544506325542,0.1421786660624506,0.4762150847995093,0.14223219590703381,0.40722704219424644,0.1471370666213709,0.3964279843605135,0.15023480405508252,0.38691912326378697,0.1542397055736271,0.5047240069068193,0.1564577385702917,0.3817176401902486,0.18056569446596885,0.4639975003120714,0.19061310888883606,0.41004185676148713,0.19801668559001998,0.6519062548624606,0.2718392805440963,0.30524649013223976,0.35514079885077654,0.7567475327735391,0.4100026608146007,0.23146756754351694,0.5174748969966,0.7944275629597036,0.6065943186325798,0.32758351721486134,0.62671533555002,0.8085690123462277,0.6687132124254109,0.3426445918026332,0.698285734784464,0.7761637147258846,0.6678472623351072,0.3886640412997784,0.6723851879076987,0.7623306863158779,0.6549238375384778,0.39234651936592135,0.6457564965737139,,,,,,,,,,,,,,,,,,,,,,,,,,,,,,,,,,,,,,,,,,,0.7934651064130345,0.607648828133944,0.7591658775214414,0.6284240555261085,0.7431833934927125,0.6560561371491075,0.74446043146119,0.6816771075100991,0.7463806976186609,0.7008091148246349,0.7660071789143756,0.6801878660337014,0.7608343790449118,0.7084170481872525,0.7561411617626053,0.719473852729885,0.7518267293050593,0.7232352837619098,0.7910723431931792,0.678817945163608,0.7866363713075549,0.704976885225179,0.7801490321144731,0.7086489114406671,0.77442015525648,0.7037624208633193,0.813485188050913,0.6716557902800867,0.8103073329816347,0.6971581292897617,0.8034221953921024,0.7006420285020666,0.7969734069935391,0.6953172572482076,0.8329234618583896,0.6615760672143278,0.8345304283781464,0.6819986192965983,0.8281563733489483,0.6860237758982899,0.8216166188403538,0.6835368397002126
0.44454145648966303,0.15583856934375734,0.466837295668179,0.13691199760419118,0.48129725883608565,0.13807532227964037,0.4944057576456592,0.13969970057974035,0.4261938347614709,0.13752042222022398,0.414326948080477,0.13941466805950828,0.40412718757275523,0.14207310411741877,0.5192252090857359,0.15706734118159796,0.3942317056069521,0.16923892144734268,0.47725498547767253,0.18417106781846776,0.4210455080167503,0.18720375502233344,0.6553394249470528,0.2833550836232537,0.29958756182356877,0.3465625390323166,0.7521096953719851,0.4286635270609909,0.2313206907333058,0.5323081771058049,0.7753005546933196,0.6279204615301184,0.2999836494797888,0.6686734225280462,0.7851812649576475,0.6901765001730389,0.29778653095804797,0.7385743936611218,0.7527164246066735,0.6871350606361972,0.34618151502765326,0.7117174973331164,0.740005017489017,0.6735706431817793,0.35615370601156526,0.6860506011590599,0.3127693279890684,0.6624463165525201,0.35257670121289203,0.681785317588314,0.36793763676789515,0.7106816854453191,0.36666787720645727,0.7393162849206241,0.3610219729648866,0.758283026664101,0.36012885052380905,0.7245436715654141,0.3691302661175283,0.763982283004559,0.37005761478673643,0.7842027854631357,0.36894839266553126,0.7965944109814241,0.3320304427726865,0.7313681737990148,0.33555692315749674,0.7732956743029784,0.33537155105599803,0.7934766164396672,0.3338603820909429,0.8027957720328756,0.3049465673857916,0.7320164624619259,0.3005059726308973,0.7717976158382645,0.30127524534034034,0.7887857408548089,0.3028212761217026,0.7945358250956434,0.2811521884540586,0.7269377574319202,0.2722878404715524,0.7555643890875432,0.27445189115797985,0.7608527331881836,0.2787831609061113,0.757538179185964,0.7775387546126203,0.6282592431616285,0.7410651933809269,0.6456223452537422,0.7208116533537168,0.6713902851374969,0.7182100229847619,0.6970311768377411,0.7186736778818378,0.7162400571658813,0.7421311729620905,0.6966300794317684,0.734268852163785,0.7230415110073038,0.7287895346489923,0.7348747216096936,0.7239324818586097,0.7403021497949607,0.766612561338567,0.6978678304340864,0.7604632988363773,0.7228897731528763,0.7548740213336992,0.7271235275782622,0.7502108939348293,0.7228840783468001,0.7892849920348664,0.6929988108487324,0.7855467795609783,0.7166605841485774,0.7801000755216505,0.7201536813455811,0.7748282207558318,0.715436230931509,0.8096445147417114,0.6845743458106595,0.8103513061976291,0.7031545324958103,0.8050439123811328,0.7071777765536431,0.7993281435228481,0.7052919576632302
0.44216766824521675,0.15323890284388333,0.4621027003678941,0.13546391727360235,0.4753629879631652,0.1362864304219838,0.48783957367644754,0.13763793306977393,0.42247384594669024,0.1379802490886294,0.40987414554679164,0.1407316641581749,0.39846365431684766,0.1441495040235532,0.5104630175797851,0.1554982986925688,0.38568736134496023,0.17204030255677497,0.47436012063472,0.1775056564092379,0.4175561366862849,0.18489962092814796,0.6499677549544237,0.27704492953804616,0.2972809694035184,0.35589925601904504,0.7549220692410972,0.41907375214776865,0.24605016024794293,0.5496565877040215,0.7834364099089675,0.6197825515118977,0.30589653758598523,0.69628014181044,0.7954871916682453,0.6803763714379982,0.3005458230410143,0.7643883799058806,0.762753204410122,0.6778562913482178,0.34568583807647635,0.7421761903871698,0.7500031646471661,0.6646861572532501,0.3586915958683897,0.7149602556624389,0.3174908168297123,0.6925361978620513,0.3564356009299131,0.7124300124833558,0.3725672563657699,0.7392271561190145,0.372953574011739,0.7667000470062515,0.3693295806386312,0.7853756962157146,0.36661086275658183,0.7548581667397576,0.3741959680377376,0.7883315653659126,0.3758734761730358,0.8053682465454721,0.376240319115156,0.8163365794921704,0.3402376539592129,0.76250571228092,0.34392280963010324,0.798086605964156,0.34450618266196226,0.8153339532246551,0.3439192569511572,0.8237805779048686,0.31445107022946783,0.7646021316165486,0.3101981180461271,0.7969668862294039,0.3117602702300361,0.811778904077274,0.3139666901707505,0.8169435274421236,0.2903831152953086,0.7619317948677637,0.2820289982324703,0.7884112816005782,0.28490879774370503,0.7934526586062818,0.2894914060187157,0.7907246326073192,0.7835786292517394,0.6179540818002652,0.7499369688579229,0.6377473609802019,0.7311686265624955,0.6635843381103197,0.7303004170365762,0.6881911074956057,0.7322392009251841,0.7061392401058049,0.7534048879783107,0.6857868042438202,0.7471869791587913,0.7124656958567096,0.7417878822068553,0.7238261810722489,0.7364413768964322,0.7285420135824402,0.7776989818961868,0.6856445920814597,0.7724811544149486,0.7115742622098588,0.7668633106552685,0.7164390339587231,0.7617992876738111,0.712344081567487,0.8000156072711939,0.6801880701575125,0.796960723123511,0.7045018088524246,0.7910250072666275,0.7083818509196675,0.7849139696855053,0.7031681292711086,0.820262240602149,0.6714614811618858,0.8218118997173234,0.6904614655054344,0.8160577514454689,0.6948197152333164,0.8096263933353667,0.6929558534352056
0.5270530713007082,0.14792077818839708,0.5522896290859864,0.14051250947521918,0.5644006553976885,0.14590556605195765,0.575101281728159,0.15142579175944493,0.5138429382233576,0.12870125125825743,0.5006254941878537,0.1267478512887325,0.48822507291604195,0.12578465142586737,0.5873082008095707,0.17565073804409106,0.4631501810618065,0.14761689256407437,0.5489488029230172,0.1822584871617944,0.49190095698992503,0.16878418679068558,0.6766497588075662,0.33664723387767875,0.3143593553899867,0.29514273777156497,0.7298243761092637,0.5073920883127188,0.20718629912289716,0.4763375071845397,0.6873360198569413,0.7069529406382231,0.20651594453989758,0.6343107752472302,0.6796234649484728,0.7661402400716543,0.179903939842594,0.6935105917335025,0.6499746044040612,0.7526620906594502,0.22425614200180172,0.6931178460622816,0.6423911107473518,0.7364378669897358,0.24493847512823708,0.675968709818425,0.21595477447851308,0.6327867462413767,0.24704292653628837,0.6614740238767292,0.25307976586549963,0.6902099525394064,0.24115237075340762,0.7108094656814203,0.22981057151913925,0.7208344767522887,0.2375678090803966,0.707702835591167,0.23405124072595762,0.7413568768673668,0.231108729451527,0.754887645467281,0.22926686716647016,0.7583851318380572,0.21053063277485973,0.7054359846888958,0.20238987316267065,0.7381965320014486,0.19877829640577716,0.7513726257311266,0.1975724664533034,0.7528469081862574,0.18703856717719364,0.6967808451522965,0.17490959343599477,0.7258552042918068,0.17363495669302959,0.7349153424296173,0.17674393262409188,0.7331567271247919,0.1670705613506493,0.6843208053769053,0.15161957907218154,0.7050664217381934,0.15393079972840984,0.7087611217810961,0.16120916036490346,0.7038820563164478,0.6900552985540015,0.7038540990015117,0.6525486368368372,0.7095147412241591,0.6262103274226543,0.7271611500466398,0.6178202591465887,0.7495269958628127,0.6139581533823028,0.767035326443709,0.6386259061185642,0.757609078563466,0.6250033950555385,0.779196490538189,0.6165863915022537,0.788216026895129,0.6102404049724436,0.7913863865764893,0.66155386151464,0.7652532699129233,0.6488820215439063,0.7871636399953619,0.6421909100348845,0.7912901506978729,0.6383762809558242,0.7877291005272075,0.684508809216089,0.7670123206951045,0.6741437464381193,0.7885532724258435,0.6673707001793643,0.7917180865218337,0.6623906016117189,0.7870327050799255,0.7066360413714715,0.7648068904908405,0.7026019391110053,0.7827004897897862,0.6956331817596308,0.7862760031555704,0.6891636787934842,0.7843961712624414
0.5231871563633991,0.1376816944212226,0.5475476173123355,0.13417743252330333,0.5597031457528381,0.14051576757886905,0.5706137208288106,0.14667365390913062,0.5104675414001519,0.12147938150574622,0.497737160579927,0.1197429998374257,0.4856286869608372,0.11897977567124057,0.5832055542241631,0.17288343677572549,0.45903076925152275,0.14437700084302554,0.5450149654343621,0.17327353365442974,0.4885470186733408,0.1600162101924914,0.675441419380687,0.3333416358554576,0.3072707222920658,0.29909906523268404,0.7320846305674077,0.504593540881704,0.21397026183014528,0.486952809258227,0.6922436700991434,0.7051307471064983,0.20981508085959194,0.6440522908174637,0.6859328615124296,0.7633281087715518,0.18437148695424993,0.7012684381579344,0.6562753496387917,0.7500787317957722,0.22491578102527549,0.7014040294750603,0.6484785042455459,0.7343796031873562,0.24635461711446108,0.6854157297227824,0.21193520955443373,0.6451709370774721,0.24157417950220172,0.668295645291253,0.2514342860524943,0.6948965089812146,0.24341628443044827,0.7153454797158327,0.23444985090103343,0.7274789082076438,0.23154766634715762,0.7165010969240202,0.22985125572751275,0.7435900279165286,0.22836931415663597,0.7570616870312865,0.2277527519549148,0.7611691854026199,0.20635378491644468,0.714949144555777,0.20094578261048401,0.7435908318933881,0.19828207322803937,0.7538212573083805,0.1979527019667373,0.7522826621096241,0.18446421002504376,0.7067776123579991,0.17475677211092944,0.7329257607740233,0.17445946079809665,0.7377034595025244,0.17879890766448003,0.7321127308733739,0.16525364270464604,0.6938543802066911,0.1518860735798278,0.711433582553968,0.15509076972288444,0.7141150015664046,0.16321275955107772,0.7086724695628859,0.693860156445666,0.7011600292053,0.658386174835371,0.7068496751132118,0.6329346431239754,0.7250801368880297,0.6254285687974974,0.7474323354539922,0.6227720119699194,0.7647126707982006,0.6448884705067003,0.7556023937883164,0.6328481551873868,0.7775143342725352,0.6255760557342445,0.7863595768597152,0.6204839838993494,0.7887927382143758,0.6680607311775657,0.7623475546948569,0.6575440308558556,0.7849749264307258,0.6523690455723987,0.7874972686620261,0.6502970344815611,0.7820373790038131,0.6912475183979916,0.763437631611326,0.68340836518657,0.7855603592648801,0.6778748105989858,0.7886391524827776,0.6740327151999007,0.7834748703337108,0.7138701903381554,0.7605544139270562,0.7114662407408142,0.7790851093387234,0.7055695669405779,0.7828843098652898,0.6999025179774918,0.7810135317605416
0.47299727754044407,0.13463562169315452,0.4962728383897702,0.12693360075582644,0.5094539976253932,0.13083101625166133,0.5213600959382603,0.13467625698076707,0.4576314140709564,0.12117924165918126,0.444927444016659,0.12189447178381152,0.43305589577055903,0.12346136183011369,0.538927686803727,0.15763876443134783,0.41148792614728036,0.1532314039856354,0.5011849595325467,0.165632859959896,0.4440706063926137,0.1634722257709425,0.660857674777523,0.2973772114028505,0.29172268081699004,0.33742353321719026,0.7515654687022553,0.45405184142666244,0.24744267012957225,0.5401772452558244,0.7514204535106623,0.6584155840118084,0.2685537533258666,0.6946959755524973,0.7570262011705937,0.7166455724718245,0.25252465108552147,0.753859410661838,0.7253962228803978,0.7095949432829427,0.28803907667829565,0.7478395572005292,0.7146546761446828,0.6959422741301022,0.3071709781980954,0.7286754736426775,0.26622464086832626,0.6975570808637728,0.2995116000688097,0.7144099592156814,0.3112065662150189,0.7411743636831459,0.3079278327162458,0.765922499031826,0.30420403670901364,0.7825585826191794,0.29471458177983145,0.7611456375575436,0.2965607629817283,0.7876125891277447,0.29707612474054745,0.7986034635600141,0.2970108940206243,0.7980404853471464,0.2710228025620939,0.7640276805273465,0.2689169706474215,0.7918804891504488,0.26845826804719336,0.7988003411667048,0.26877389599415336,0.7922941457758381,0.24933171148732416,0.7601289861664516,0.24270545633930507,0.7852146105563234,0.24417358686046067,0.7891934233327699,0.2476680020803251,0.7814021976969157,0.22993481585027703,0.7512010488692401,0.21927273894707605,0.770359179839446,0.22207132427773701,0.7733590497131266,0.22830640754551623,0.7664628157801681,0.7521869423345655,0.6541188214067041,0.7204040417599025,0.6665707520527555,0.7004469320820904,0.68956681624436,0.6974597591466172,0.7123754388465575,0.6970640296207419,0.7303382633287538,0.7171700646834328,0.7177155911103389,0.7102895928419356,0.7394107028991261,0.7055224657427884,0.7502838500116839,0.7012051274780084,0.7558886777961319,0.7408084554250635,0.7190852253825157,0.7364182738179079,0.7414852709724151,0.7325704796567227,0.7469855271482828,0.7294146050000783,0.7445548847558068,0.7636514721466289,0.7147281204668005,0.7619816053522444,0.7359561308208467,0.7590492738910803,0.7405891648367856,0.7554521434783978,0.7372045080371086,0.785256777767563,0.7064577690988225,0.7882190647112973,0.722985283299504,0.7850141182518564,0.7283292321355457,0.7798918366965765,0.728503584778476
0.5030220258434831,0.1352306436596222,0.5275453242652743,0.12976365264980677,0.5400016962132042,0.1350989463746574,0.5512920962234771,0.140227309436867,0.4899044309349933,0.11914968042257829,0.4769567203659142,0.11815446055191559,0.464823901961026,0.11803378389542057,0.5660182302400033,0.16446316929317245,0.43971475252934134,0.1441443591530128,0.5269286219401197,0.16962578272522896,0.470780382724118,0.16061281498435007,0.670038555135869,0.3183349670856645,0.29943486420582804,0.3140088541040372,0.7431098266834384,0.4847114921831446,0.2360788031137585,0.5053578994558011,0.7170714645851746,0.6875994353144785,0.23523791098329827,0.6648123761637028,0.7159313689798871,0.7462443186804124,0.21116770505668953,0.7203127435845516,0.6853317522633728,0.7356602610532939,0.24612008498141172,0.719817080514077,0.676206095403691,0.7209685111617912,0.2673779833023032,0.7044307831840316,0.22715360695746617,0.670876173038522,0.260142242922651,0.6887938894277934,0.27000057522205945,0.713779252563207,0.2603703513032526,0.7327299973826313,0.2475056441645755,0.7422514609504408,0.24926260954958565,0.7361675604953313,0.24963504889117077,0.7627054946196878,0.24891356437356402,0.7666343220102045,0.24832335974603958,0.75860685077511,0.22478031804106835,0.7364545489572216,0.22040871438530457,0.7619512126709345,0.2224703666062992,0.7597764610747024,0.2250430300669905,0.7478870770251764,0.2030597542127131,0.7296351437064511,0.19606444318191102,0.7519262694753023,0.20095731340019168,0.7488087226211335,0.2052013213915539,0.7381841435353339,0.18470290547291085,0.7182039625372219,0.17426066708683158,0.7353126050021186,0.1795611262564441,0.7334359303839622,0.18558237508525333,0.7246056525261594,0.719032646919496,0.6874714595519471,0.6860334011851372,0.6952860827449856,0.6635336305631593,0.7146114156324828,0.6590692442466863,0.73588089567811,0.6568438829184435,0.7525628285538266,0.6779135055024954,0.7460931988646102,0.6693746087163588,0.7664940365683144,0.6634220339619491,0.7755882541605548,0.6586958318878353,0.7790050808523252,0.7010872001116011,0.7493457817872957,0.6957770739212159,0.7708814216075828,0.6912847911416777,0.7751720004693086,0.688203963046971,0.7715969928933457,0.7240600203348859,0.7468779472873708,0.7214977959404438,0.7677478769693975,0.7185812931375031,0.7711769132761982,0.7156604797997018,0.7666143101906541,0.7462355325000504,0.7405658940432002,0.7483136391745027,0.7570951174937077,0.7452131151300082,0.761093378806593,0.7407137230599921,0.7598588747313274
0.5169742949644712,0.13447098784705916,0.5416168747762372,0.13131325074015515,0.5537445156603988,0.13751727960492638,0.5648230864718822,0.14325339801651882,0.5047742635588522,0.11805560796737757,0.49191937618425385,0.1162991423681462,0.47986695581884864,0.11534065045065367,0.5782872651178584,0.16780529753278878,0.45332807535199393,0.140142879830855,0.5388040795956591,0.17138112357137641,0.48348252079140325,0.1585076954884257,0.6732516367333052,0.32836119211918674,0.3021482496720942,0.3030165990538577,0.737810109945802,0.4986930508063799,0.23229527329882355,0.4860180033172042,0.6993070125720713,0.7001459032801638,0.2216843653729017,0.64885957292564,0.6952029960746675,0.758908355710343,0.1950643138531587,0.7012453966077612,0.6652182788182677,0.7475032815817753,0.22686215265673149,0.7045712187339901,0.6568612325292122,0.7324733405146278,0.2480627280361393,0.6912308486643768,0.2081035759362278,0.6502380811796862,0.24151349836012379,0.6707011686372877,0.25162594232474056,0.6962944394231456,0.24204712556867117,0.7145133697656734,0.22911419599272254,0.722780594605513,0.2278066559699185,0.7183995611876088,0.22795167501611963,0.7433953750307201,0.22975950092352992,0.7445296381764434,0.23059697581297156,0.7362429879426484,0.20346954819564939,0.7172332262488227,0.20014234259079805,0.7411379780841487,0.2041087577801104,0.737643540093958,0.2070498675210049,0.7260944904238227,0.18234304038031557,0.7095587213895834,0.17761436446182155,0.7299279690346365,0.18296493488606652,0.7263886605536896,0.18653542483851016,0.7160464006440035,0.16498173772397784,0.6980658234187027,0.15875905662543704,0.7131318282420596,0.1638051946388856,0.7107807597671771,0.16755998135054806,0.7024031841480844,0.7025400770107818,0.6978980754063164,0.6672859832754812,0.7042568820239803,0.64366832591256,0.7227078762376872,0.6381390449586833,0.7450493085416303,0.637707523587578,0.7619988737574596,0.6568796422873227,0.7535885527858264,0.6466451435838854,0.776195488468868,0.6411007869643544,0.7830985897974854,0.637596078844146,0.7826950010662221,0.6804415226196358,0.7592735870491696,0.6719699948362299,0.7814978173899867,0.6666260639374537,0.7829739701364171,0.6640217763721131,0.7766386586460777,0.7040894142812983,0.7594374724634869,0.6973700731524426,0.7806967648169987,0.6928044484578132,0.7815820937715818,0.6901000394695653,0.7747206268462228,0.7267814852486638,0.7557079126477222,0.7256228188668974,0.7732836569248163,0.7208138274293455,0.7755783032526902,0.7162611180505432,0.7722992475040049
0.466395450108378,0.13699814026515544,0.4893042649862676,0.1271764034121352,0.5022266780108784,0.13058237253111082,0.5144518687441263,0.13398734183465735,0.4502911667453482,0.12148440837003616,0.43648810922608966,0.12198549242805395,0.42414780889947834,0.12370635398548852,0.5316499928274531,0.1541971101663545,0.4029798208334643,0.1535989284316267,0.49398268941283274,0.16845676624172773,0.4377790985657595,0.1666415828286561,0.6569190293619696,0.2911420938649199,0.2889741672891717,0.34386991810649375,0.7569672696589878,0.4424839269752039,0.2600557470391277,0.5336594298152554,0.7625604035153065,0.6480612714739187,0.2813544843994005,0.6957269871467785,0.7707813678941596,0.7065943697110728,0.26742025083728976,0.7539697140847723,0.7394130913516461,0.7019248184397859,0.29838500404983975,0.7483135395359081,0.7279853867268031,0.6889606003326609,0.31510887464840087,0.7297482442710806,0.2690981767394527,0.7013385596812023,0.30660734704861603,0.7144695506096728,0.3233586894049604,0.7382173347110275,0.3191479952839578,0.7609207462825303,0.30913739370266413,0.7731828052553236,0.30262406916018914,0.7646867583568441,0.31076768094611995,0.786871295356906,0.31432553396870905,0.780040160759394,0.3143389122150039,0.7685447687453673,0.2788498146323154,0.7683324431495957,0.28487952083104046,0.7892293225170852,0.2888253231277189,0.7813533950875812,0.28833489505948695,0.7692000664267871,0.2574522460202199,0.7653585414179854,0.2614624779736838,0.7827360732212033,0.26548021203704186,0.7757551057908478,0.26509992066510435,0.7645028971151999,0.2384775012001603,0.7585871358632208,0.24075470893333573,0.7719536577525175,0.24500810838782827,0.766254528188144,0.2452134527164516,0.7570168894132348,0.7643949071416432,0.6484582969243059,0.7324141078080393,0.6621862117435284,0.7136440346016445,0.6863471268480912,0.7139771887243509,0.7093469298390392,0.7159082633629215,0.7257786212051054,0.7338598761031347,0.7135494507353317,0.7289936022549025,0.736101982930051,0.7249279273341626,0.7450745078368812,0.7212974795112354,0.7475926785982507,0.7582306139467994,0.7129948449413079,0.7553306617448784,0.7349036260486626,0.7511996347989836,0.7381938857614447,0.7477536260542514,0.7338571768721133,0.7806965861416515,0.7069612061009012,0.78026998813057,0.7274083823090556,0.77691734012396,0.7314424428166517,0.7727766699554396,0.7279946681977998,0.8013556446949963,0.6974540625256418,0.8052193097243527,0.713919137654565,0.8022623722090174,0.718996408798716,0.796954918137297,0.7192494623388324
